i;j;distrout
Redeief;Ras Jebel;487
Regueb;Ras Jebel;326
Hamma;Ras Jebel;489
Hajeb Elayoun;Ras Jebel;268
Kalaat El Andalous;Ras Jebel;26
Kasserine;Ras Jebel;334
Jerba Ajim;Ras Jebel;571
Jerba Houmet Souk;Ras Jebel;589
Jedeida;Ras Jebel;64
Jemmal;Ras Jebel;242
Jendouba;Ras Jebel;166
Kairouan;Ras Jebel;215
Ksar;Ras Jebel;400
Korba;Ras Jebel;140
Ksour Essef;Ras Jebel;275
Kerkenah;Ras Jebel;377
Kebili;Ras Jebel;576
Kelibia;Ras Jebel;189
Mahdia;Ras Jebel;274
Mahres;Ras Jebel;364
Makthar;Ras Jebel;223
Le Kef;Ras Jebel;222
Bizerte;Ras Jebel;34
Bouficha;Ras Jebel;143
Bou Arada;Ras Jebel;144
Bou Argoub;Ras Jebel;113
Bou Salem;Ras Jebel;144
Benane Bodher;Ras Jebel;246
Ben Guerdane;Ras Jebel;617
Beja;Ras Jebel;116
Chebba;Ras Jebel;300
Dahmani;Ras Jebel;231
Enfidha;Ras Jebel;169
El Jem;Ras Jebel;265
El Fahs;Ras Jebel;123
Douz;Ras Jebel;605
Ghar El Melh;Ras Jebel;15
Ghardimaou;Ras Jebel;199
Guettar;Ras Jebel;418
Gromballia;Ras Jebel;105
Feriana;Ras Jebel;376
Gafsa;Ras Jebel;403
Gabes;Ras Jebel;476
Gaafour;Ras Jebel;168
Sidi Thabet;Ras Jebel;57
Siliana;Ras Jebel;190
Sidi Bou Ali;Ras Jebel;183
Sidi Bouzid;Ras Jebel;319
Tabarka;Ras Jebel;161
Sousse;Ras Jebel;209
Souk El Ahad;Ras Jebel;592
Skhira;Ras Jebel;417
Sers;Ras Jebel;217
Sbeitla;Ras Jebel;308
Sfax;Ras Jebel;330
Tozeur;Ras Jebel;495
Tunis;Ras Jebel;71
Tajerouine;Ras Jebel;256
Takelsa;Ras Jebel;114
Agareb;Ras Jebel;342
Testour;Ras Jebel;134
Tela;Ras Jebel;295
Tebourba;Ras Jebel;65
Teboursouk;Ras Jebel;156
Tataouine;Ras Jebel;596
Zarzis;Ras Jebel;609
Zaghouan;Ras Jebel;116
Zeramdine;Ras Jebel;245
Zriba;Ras Jebel;125
Alia;Ras Jebel;14
Metlaoui;Ras Jebel;441
Metouia;Ras Jebel;460
Moknine;Ras Jebel;258
Mateur;Ras Jebel;53
Mareth;Ras Jebel;512
Menzel Temime;Ras Jebel;174
Menzel Bourguiba;Ras Jebel;38
Menzel Hayet;Ras Jebel;236
Medenine;Ras Jebel;547
Mediaz El Bab;Ras Jebel;115
Meknassy;Ras Jebel;437
M'Dhilla;Ras Jebel;416
Nabeul;Ras Jebel;133
Nefta;Ras Jebel;519
Monastir;Ras Jebel;237
Mornaguia;Ras Jebel;71
Om Laraies;Ras Jebel;452
Ouedhref;Ras Jebel;455
Regueb;Redeief;206
Hamma;Redeief;219
Hajeb Elayoun;Redeief;225
Kalaat El Andalous;Redeief;465
Kasserine;Redeief;134
Jerba Ajim;Redeief;336
Jerba Houmet Souk;Redeief;354
Jedeida;Redeief;431
Jemmal;Redeief;363
Jendouba;Redeief;318
Kairouan;Redeief;287
Ksar;Redeief;91
Korba;Redeief;428
Ksour Essef;Redeief;374
Kerkenah;Redeief;334
Kebili;Redeief;167
Kelibia;Redeief;467
Mahdia;Redeief;381
Mahres;Redeief;269
Makthar;Redeief;245
Le Kef;Redeief;267
Bizerte;Redeief;474
Bouficha;Redeief;372
Bou Arada;Redeief;321
Bou Argoub;Redeief;402
Bou Salem;Redeief;338
Benane Bodher;Redeief;376
Ben Guerdane;Redeief;382
Beja;Redeief;366
Chebba;Redeief;354
Dahmani;Redeief;257
Enfidha;Redeief;348
El Jem;Redeief;344
El Fahs;Redeief;367
Douz;Redeief;196
Ghar El Melh;Redeief;480
Ghardimaou;Redeief;311
Guettar;Redeief;108
Gromballia;Redeief;411
Feriana;Redeief;93
Gafsa;Redeief;88
Gabes;Redeief;241
Gaafour;Redeief;326
Sidi Thabet;Redeief;442
Siliana;Redeief;279
Sidi Bou Ali;Redeief;361
Sidi Bouzid;Redeief;188
Tabarka;Redeief;383
Sousse;Redeief;345
Souk El Ahad;Redeief;151
Skhira;Redeief;234
Sers;Redeief;284
Sbeitla;Redeief;166
Sfax;Redeief;291
Tozeur;Redeief;88
Tunis;Redeief;429
Tajerouine;Redeief;231
Takelsa;Redeief;439
Agareb;Redeief;266
Testour;Redeief;354
Tela;Redeief;179
Tebourba;Redeief;406
Teboursouk;Redeief;332
Tataouine;Redeief;361
Zarzis;Redeief;374
Zaghouan;Redeief;383
Zeramdine;Redeief;366
Zriba;Redeief;383
Alia;Redeief;480
Metlaoui;Redeief;49
Metouia;Redeief;223
Moknine;Redeief;379
Mateur;Redeief;433
Mareth;Redeief;277
Menzel Temime;Redeief;452
Menzel Bourguiba;Redeief;452
Menzel Hayet;Redeief;373
Medenine;Redeief;312
Mediaz El Bab;Redeief;374
Meknassy;Redeief;170
M'Dhilla;Redeief;87
Nabeul;Redeief;397
Nefta;Redeief;112
Monastir;Redeief;367
Mornaguia;Redeief;418
Om Laraies;Redeief;17
Ouedhref;Redeief;219
Hamma;Regueb;150
Hajeb Elayoun;Regueb;96
Kalaat El Andalous;Regueb;311
Kasserine;Regueb;115
Jerba Ajim;Regueb;231
Jerba Houmet Souk;Regueb;249
Jedeida;Regueb;268
Jemmal;Regueb;151
Jendouba;Regueb;251
Kairouan;Regueb;114
Ksar;Regueb;116
Korba;Regueb;254
Ksour Essef;Regueb;157
Kerkenah;Regueb;160
Kebili;Regueb;236
Kelibia;Regueb;293
Mahdia;Regueb;164
Mahres;Regueb;107
Makthar;Regueb;155
Le Kef;Regueb;205
Bizerte;Regueb;343
Bouficha;Regueb;199
Bou Arada;Regueb;230
Bou Argoub;Regueb;228
Bou Salem;Regueb;272
Benane Bodher;Regueb;161
Ben Guerdane;Regueb;277
Beja;Regueb;305
Chebba;Regueb;157
Dahmani;Regueb;176
Enfidha;Regueb;174
El Jem;Regueb;126
El Fahs;Regueb;204
Douz;Regueb;265
Ghar El Melh;Regueb;326
Ghardimaou;Regueb;271
Guettar;Regueb;131
Gromballia;Regueb;237
Feriana;Regueb;157
Gafsa;Regueb;120
Gabes;Regueb;137
Gaafour;Regueb;222
Sidi Thabet;Regueb;297
Siliana;Regueb;186
Sidi Bou Ali;Regueb;182
Sidi Bouzid;Regueb;40
Tabarka;Regueb;317
Sousse;Regueb;167
Souk El Ahad;Regueb;252
Skhira;Regueb;72
Sers;Regueb;190
Sbeitla;Regueb;84
Sfax;Regueb;112
Tozeur;Regueb;212
Tunis;Regueb;271
Tajerouine;Regueb;187
Takelsa;Regueb;265
Agareb;Regueb;76
Testour;Regueb;269
Tela;Regueb;148
Tebourba;Regueb;266
Teboursouk;Regueb;237
Tataouine;Regueb;256
Zarzis;Regueb;270
Zaghouan;Regueb;217
Zeramdine;Regueb;145
Zriba;Regueb;209
Alia;Regueb;326
Metlaoui;Regueb;158
Metouia;Regueb;120
Moknine;Regueb;162
Mateur;Regueb;300
Mareth;Regueb;172
Menzel Temime;Regueb;279
Menzel Bourguiba;Regueb;342
Menzel Hayet;Regueb;136
Medenine;Regueb;207
Mediaz El Bab;Regueb;250
Meknassy;Regueb;37
M'Dhilla;Regueb;133
Nabeul;Regueb;224
Nefta;Regueb;235
Monastir;Regueb;166
Mornaguia;Regueb;257
Om Laraies;Regueb;190
Ouedhref;Regueb;116
Hajeb Elayoun;Hamma;266
Kalaat El Andalous;Hamma;464
Kasserine;Hamma;285
Jerba Ajim;Hamma;128
Jerba Houmet Souk;Hamma;146
Jedeida;Hamma;450
Jemmal;Hamma;271
Jendouba;Hamma;399
Kairouan;Hamma;236
Ksar;Hamma;129
Korba;Hamma;407
Ksour Essef;Hamma;257
Kerkenah;Hamma;219
Kebili;Hamma;85
Kelibia;Hamma;446
Mahdia;Hamma;265
Mahres;Hamma;146
Makthar;Hamma;302
Le Kef;Hamma;370
Bizerte;Hamma;496
Bouficha;Hamma;351
Bou Arada;Hamma;353
Bou Argoub;Hamma;380
Bou Salem;Hamma;555
Benane Bodher;Hamma;281
Ben Guerdane;Hamma;174
Beja;Hamma;537
Chebba;Hamma;244
Dahmani;Hamma;346
Enfidha;Hamma;330
El Jem;Hamma;227
El Fahs;Hamma;326
Douz;Hamma;114
Ghar El Melh;Hamma;478
Ghardimaou;Hamma;419
Guettar;Hamma;111
Gromballia;Hamma;390
Feriana;Hamma;202
Gafsa;Hamma;132
Gabes;Hamma;32
Gaafour;Hamma;348
Sidi Thabet;Hamma;450
Siliana;Hamma;311
Sidi Bou Ali;Hamma;307
Sidi Bouzid;Hamma;191
Tabarka;Hamma;465
Sousse;Hamma;292
Souk El Ahad;Hamma;101
Skhira;Hamma;73
Sers;Hamma;336
Sbeitla;Hamma;253
Sfax;Hamma;177
Tozeur;Hamma;178
Tunis;Hamma;424
Tajerouine;Hamma;357
Takelsa;Hamma;417
Agareb;Hamma;165
Testour;Hamma;391
Tela;Hamma;317
Tebourba;Hamma;461
Teboursouk;Hamma;363
Tataouine;Hamma;153
Zarzis;Hamma;167
Zaghouan;Hamma;382
Zeramdine;Hamma;265
Zriba;Hamma;366
Alia;Hamma;478
Metlaoui;Hamma;170
Metouia;Hamma;33
Moknine;Hamma;283
Mateur;Hamma;493
Mareth;Hamma;67
Menzel Temime;Hamma;431
Menzel Bourguiba;Hamma;495
Menzel Hayet;Hamma;256
Medenine;Hamma;104
Mediaz El Bab;Hamma;372
Meknassy;Hamma;134
M'Dhilla;Hamma;139
Nabeul;Hamma;376
Nefta;Hamma;202
Monastir;Hamma;287
Mornaguia;Hamma;440
Om Laraies;Hamma;202
Ouedhref;Hamma;32
Kalaat El Andalous;Hajeb Elayoun;244
Kasserine;Hajeb Elayoun;75
Jerba Ajim;Hajeb Elayoun;346
Jerba Houmet Souk;Hajeb Elayoun;364
Jedeida;Hajeb Elayoun;210
Jemmal;Hajeb Elayoun;141
Jendouba;Hajeb Elayoun;167
Kairouan;Hajeb Elayoun;66
Ksar;Hajeb Elayoun;135
Korba;Hajeb Elayoun;206
Ksour Essef;Hajeb Elayoun;175
Kerkenah;Hajeb Elayoun;225
Kebili;Hajeb Elayoun;242
Kelibia;Hajeb Elayoun;246
Mahdia;Hajeb Elayoun;174
Mahres;Hajeb Elayoun;206
Makthar;Hajeb Elayoun;69
Le Kef;Hajeb Elayoun;138
Bizerte;Hajeb Elayoun;276
Bouficha;Hajeb Elayoun;151
Bou Arada;Hajeb Elayoun;154
Bou Argoub;Hajeb Elayoun;180
Bou Salem;Hajeb Elayoun;188
Benane Bodher;Hajeb Elayoun;154
Ben Guerdane;Hajeb Elayoun;392
Beja;Hajeb Elayoun;213
Chebba;Hajeb Elayoun;200
Dahmani;Hajeb Elayoun;103
Enfidha;Hajeb Elayoun;126
El Jem;Hajeb Elayoun;139
El Fahs;Hajeb Elayoun;146
Douz;Hajeb Elayoun;271
Ghar El Melh;Hajeb Elayoun;259
Ghardimaou;Hajeb Elayoun;187
Guettar;Hajeb Elayoun;153
Gromballia;Hajeb Elayoun;190
Feriana;Hajeb Elayoun;117
Gafsa;Hajeb Elayoun;139
Gabes;Hajeb Elayoun;251
Gaafour;Hajeb Elayoun;150
Sidi Thabet;Hajeb Elayoun;230
Siliana;Hajeb Elayoun;113
Sidi Bou Ali;Hajeb Elayoun;139
Sidi Bouzid;Hajeb Elayoun;55
Tabarka;Hajeb Elayoun;233
Sousse;Hajeb Elayoun;124
Souk El Ahad;Hajeb Elayoun;249
Skhira;Hajeb Elayoun;191
Sers;Hajeb Elayoun;104
Sbeitla;Hajeb Elayoun;44
Sfax;Hajeb Elayoun;178
Tozeur;Hajeb Elayoun;231
Tunis;Hajeb Elayoun;208
Tajerouine;Hajeb Elayoun;147
Takelsa;Hajeb Elayoun;217
Agareb;Hajeb Elayoun;168
Testour;Hajeb Elayoun;186
Tela;Hajeb Elayoun;108
Tebourba;Hajeb Elayoun;208
Teboursouk;Hajeb Elayoun;165
Tataouine;Hajeb Elayoun;371
Zarzis;Hajeb Elayoun;385
Zaghouan;Hajeb Elayoun;162
Zeramdine;Hajeb Elayoun;145
Zriba;Hajeb Elayoun;161
Alia;Hajeb Elayoun;258
Metlaoui;Hajeb Elayoun;177
Metouia;Hajeb Elayoun;235
Moknine;Hajeb Elayoun;158
Mateur;Hajeb Elayoun;242
Mareth;Hajeb Elayoun;287
Menzel Temime;Hajeb Elayoun;231
Menzel Bourguiba;Hajeb Elayoun;275
Menzel Hayet;Hajeb Elayoun;136
Medenine;Hajeb Elayoun;322
Mediaz El Bab;Hajeb Elayoun;192
Meknassy;Hajeb Elayoun;112
M'Dhilla;Hajeb Elayoun;152
Nabeul;Hajeb Elayoun;176
Nefta;Hajeb Elayoun;254
Monastir;Hajeb Elayoun;146
Mornaguia;Hajeb Elayoun;199
Om Laraies;Hajeb Elayoun;193
Ouedhref;Hajeb Elayoun;231
Kasserine;Kalaat El Andalous;307
Jerba Ajim;Kalaat El Andalous;545
Jerba Houmet Souk;Kalaat El Andalous;562
Jedeida;Kalaat El Andalous;40
Jemmal;Kalaat El Andalous;215
Jendouba;Kalaat El Andalous;181
Kairouan;Kalaat El Andalous;188
Ksar;Kalaat El Andalous;372
Korba;Kalaat El Andalous;114
Ksour Essef;Kalaat El Andalous;249
Kerkenah;Kalaat El Andalous;351
Kebili;Kalaat El Andalous;550
Kelibia;Kalaat El Andalous;163
Mahdia;Kalaat El Andalous;248
Mahres;Kalaat El Andalous;338
Makthar;Kalaat El Andalous;196
Le Kef;Kalaat El Andalous;195
Bizerte;Kalaat El Andalous;38
Bouficha;Kalaat El Andalous;116
Bou Arada;Kalaat El Andalous;117
Bou Argoub;Kalaat El Andalous;87
Bou Salem;Kalaat El Andalous;160
Benane Bodher;Kalaat El Andalous;220
Ben Guerdane;Kalaat El Andalous;591
Beja;Kalaat El Andalous;121
Chebba;Kalaat El Andalous;274
Dahmani;Kalaat El Andalous;204
Enfidha;Kalaat El Andalous;143
El Jem;Kalaat El Andalous;239
El Fahs;Kalaat El Andalous;96
Douz;Kalaat El Andalous;579
Ghar El Melh;Kalaat El Andalous;12
Ghardimaou;Kalaat El Andalous;214
Guettar;Kalaat El Andalous;391
Gromballia;Kalaat El Andalous;79
Feriana;Kalaat El Andalous;349
Gafsa;Kalaat El Andalous;376
Gabes;Kalaat El Andalous;450
Gaafour;Kalaat El Andalous;141
Sidi Thabet;Kalaat El Andalous;26
Siliana;Kalaat El Andalous;163
Sidi Bou Ali;Kalaat El Andalous;157
Sidi Bouzid;Kalaat El Andalous;292
Tabarka;Kalaat El Andalous;165
Sousse;Kalaat El Andalous;183
Souk El Ahad;Kalaat El Andalous;566
Skhira;Kalaat El Andalous;391
Sers;Kalaat El Andalous;190
Sbeitla;Kalaat El Andalous;281
Sfax;Kalaat El Andalous;304
Tozeur;Kalaat El Andalous;468
Tunis;Kalaat El Andalous;45
Tajerouine;Kalaat El Andalous;229
Takelsa;Kalaat El Andalous;88
Agareb;Kalaat El Andalous;316
Testour;Kalaat El Andalous;107
Tela;Kalaat El Andalous;268
Tebourba;Kalaat El Andalous;41
Teboursouk;Kalaat El Andalous;129
Tataouine;Kalaat El Andalous;570
Zarzis;Kalaat El Andalous;583
Zaghouan;Kalaat El Andalous;89
Zeramdine;Kalaat El Andalous;219
Zriba;Kalaat El Andalous;98
Alia;Kalaat El Andalous;18
Metlaoui;Kalaat El Andalous;414
Metouia;Kalaat El Andalous;434
Moknine;Kalaat El Andalous;232
Mateur;Kalaat El Andalous;58
Mareth;Kalaat El Andalous;486
Menzel Temime;Kalaat El Andalous;148
Menzel Bourguiba;Kalaat El Andalous;42
Menzel Hayet;Kalaat El Andalous;210
Medenine;Kalaat El Andalous;520
Mediaz El Bab;Kalaat El Andalous;88
Meknassy;Kalaat El Andalous;411
M'Dhilla;Kalaat El Andalous;389
Nabeul;Kalaat El Andalous;107
Nefta;Kalaat El Andalous;492
Monastir;Kalaat El Andalous;211
Mornaguia;Kalaat El Andalous;44
Om Laraies;Kalaat El Andalous;425
Ouedhref;Kalaat El Andalous;429
Jerba Ajim;Kasserine;365
Jerba Houmet Souk;Kasserine;383
Jedeida;Kasserine;276
Jemmal;Kasserine;213
Jendouba;Kasserine;179
Kairouan;Kasserine;137
Ksar;Kasserine;115
Korba;Kasserine;278
Ksour Essef;Kasserine;246
Kerkenah;Kasserine;244
Kebili;Kasserine;221
Kelibia;Kasserine;317
Mahdia;Kasserine;246
Mahres;Kasserine;225
Makthar;Kasserine;111
Le Kef;Kasserine;129
Bizerte;Kasserine;342
Bouficha;Kasserine;222
Bou Arada;Kasserine;186
Bou Argoub;Kasserine;252
Bou Salem;Kasserine;200
Benane Bodher;Kasserine;226
Ben Guerdane;Kasserine;411
Beja;Kasserine;228
Chebba;Kasserine;242
Dahmani;Kasserine;119
Enfidha;Kasserine;198
El Jem;Kasserine;211
El Fahs;Kasserine;211
Douz;Kasserine;250
Ghar El Melh;Kasserine;324
Ghardimaou;Kasserine;192
Guettar;Kasserine;131
Gromballia;Kasserine;261
Feriana;Kasserine;41
Gafsa;Kasserine;110
Gabes;Kasserine;270
Gaafour;Kasserine;176
Sidi Thabet;Kasserine;296
Siliana;Kasserine;144
Sidi Bou Ali;Kasserine;211
Sidi Bouzid;Kasserine;74
Tabarka;Kasserine;245
Sousse;Kasserine;195
Souk El Ahad;Kasserine;228
Skhira;Kasserine;210
Sers;Kasserine;134
Sbeitla;Kasserine;32
Sfax;Kasserine;197
Tozeur;Kasserine;203
Tunis;Kasserine;274
Tajerouine;Kasserine;93
Takelsa;Kasserine;289
Agareb;Kasserine;187
Testour;Kasserine;216
Tela;Kasserine;54
Tebourba;Kasserine;274
Teboursouk;Kasserine;194
Tataouine;Kasserine;390
Zarzis;Kasserine;404
Zaghouan;Kasserine;236
Zeramdine;Kasserine;216
Zriba;Kasserine;233
Alia;Kasserine;324
Metlaoui;Kasserine;149
Metouia;Kasserine;254
Moknine;Kasserine;229
Mateur;Kasserine;295
Mareth;Kasserine;306
Menzel Temime;Kasserine;302
Menzel Bourguiba;Kasserine;314
Menzel Hayet;Kasserine;207
Medenine;Kasserine;341
Mediaz El Bab;Kasserine;235
Meknassy;Kasserine;131
M'Dhilla;Kasserine;130
Nabeul;Kasserine;247
Nefta;Kasserine;226
Monastir;Kasserine;217
Mornaguia;Kasserine;265
Om Laraies;Kasserine;117
Ouedhref;Kasserine;250
Jerba Houmet Souk;Jerba Ajim;19
Jedeida;Jerba Ajim;531
Jemmal;Jerba Ajim;352
Jendouba;Jerba Ajim;480
Kairouan;Jerba Ajim;317
Ksar;Jerba Ajim;247
Korba;Jerba Ajim;488
Ksour Essef;Jerba Ajim;338
Kerkenah;Jerba Ajim;300
Kebili;Jerba Ajim;215
Kelibia;Jerba Ajim;527
Mahdia;Jerba Ajim;346
Mahres;Jerba Ajim;227
Makthar;Jerba Ajim;383
Le Kef;Jerba Ajim;451
Bizerte;Jerba Ajim;577
Bouficha;Jerba Ajim;432
Bou Arada;Jerba Ajim;434
Bou Argoub;Jerba Ajim;461
Bou Salem;Jerba Ajim;636
Benane Bodher;Jerba Ajim;362
Ben Guerdane;Jerba Ajim;93
Beja;Jerba Ajim;618
Chebba;Jerba Ajim;325
Dahmani;Jerba Ajim;426
Enfidha;Jerba Ajim;411
El Jem;Jerba Ajim;308
El Fahs;Jerba Ajim;407
Douz;Jerba Ajim;214
Ghar El Melh;Jerba Ajim;559
Ghardimaou;Jerba Ajim;500
Guettar;Jerba Ajim;229
Gromballia;Jerba Ajim;471
Feriana;Jerba Ajim;320
Gafsa;Jerba Ajim;250
Gabes;Jerba Ajim;93
Gaafour;Jerba Ajim;429
Sidi Thabet;Jerba Ajim;531
Siliana;Jerba Ajim;392
Sidi Bou Ali;Jerba Ajim;388
Sidi Bouzid;Jerba Ajim;272
Tabarka;Jerba Ajim;546
Sousse;Jerba Ajim;373
Souk El Ahad;Jerba Ajim;231
Skhira;Jerba Ajim;157
Sers;Jerba Ajim;417
Sbeitla;Jerba Ajim;334
Sfax;Jerba Ajim;258
Tozeur;Jerba Ajim;308
Tunis;Jerba Ajim;505
Tajerouine;Jerba Ajim;438
Takelsa;Jerba Ajim;498
Agareb;Jerba Ajim;246
Testour;Jerba Ajim;472
Tela;Jerba Ajim;398
Tebourba;Jerba Ajim;542
Teboursouk;Jerba Ajim;444
Tataouine;Jerba Ajim;101
Zarzis;Jerba Ajim;43
Zaghouan;Jerba Ajim;463
Zeramdine;Jerba Ajim;346
Zriba;Jerba Ajim;447
Alia;Jerba Ajim;559
Metlaoui;Jerba Ajim;288
Metouia;Jerba Ajim;117
Moknine;Jerba Ajim;364
Mateur;Jerba Ajim;574
Mareth;Jerba Ajim;57
Menzel Temime;Jerba Ajim;512
Menzel Bourguiba;Jerba Ajim;576
Menzel Hayet;Jerba Ajim;337
Medenine;Jerba Ajim;52
Mediaz El Bab;Jerba Ajim;453
Meknassy;Jerba Ajim;215
M'Dhilla;Jerba Ajim;257
Nabeul;Jerba Ajim;457
Nefta;Jerba Ajim;332
Monastir;Jerba Ajim;368
Mornaguia;Jerba Ajim;521
Om Laraies;Jerba Ajim;320
Ouedhref;Jerba Ajim;122
Jedeida;Jerba Houmet Souk;549
Jemmal;Jerba Houmet Souk;370
Jendouba;Jerba Houmet Souk;498
Kairouan;Jerba Houmet Souk;335
Ksar;Jerba Houmet Souk;265
Korba;Jerba Houmet Souk;506
Ksour Essef;Jerba Houmet Souk;356
Kerkenah;Jerba Houmet Souk;318
Kebili;Jerba Houmet Souk;233
Kelibia;Jerba Houmet Souk;545
Mahdia;Jerba Houmet Souk;364
Mahres;Jerba Houmet Souk;245
Makthar;Jerba Houmet Souk;401
Le Kef;Jerba Houmet Souk;469
Bizerte;Jerba Houmet Souk;595
Bouficha;Jerba Houmet Souk;450
Bou Arada;Jerba Houmet Souk;452
Bou Argoub;Jerba Houmet Souk;479
Bou Salem;Jerba Houmet Souk;654
Benane Bodher;Jerba Houmet Souk;380
Ben Guerdane;Jerba Houmet Souk;94
Beja;Jerba Houmet Souk;636
Chebba;Jerba Houmet Souk;343
Dahmani;Jerba Houmet Souk;444
Enfidha;Jerba Houmet Souk;429
El Jem;Jerba Houmet Souk;326
El Fahs;Jerba Houmet Souk;425
Douz;Jerba Houmet Souk;232
Ghar El Melh;Jerba Houmet Souk;577
Ghardimaou;Jerba Houmet Souk;518
Guettar;Jerba Houmet Souk;247
Gromballia;Jerba Houmet Souk;489
Feriana;Jerba Houmet Souk;338
Gafsa;Jerba Houmet Souk;268
Gabes;Jerba Houmet Souk;111
Gaafour;Jerba Houmet Souk;447
Sidi Thabet;Jerba Houmet Souk;549
Siliana;Jerba Houmet Souk;410
Sidi Bou Ali;Jerba Houmet Souk;406
Sidi Bouzid;Jerba Houmet Souk;290
Tabarka;Jerba Houmet Souk;564
Sousse;Jerba Houmet Souk;391
Souk El Ahad;Jerba Houmet Souk;249
Skhira;Jerba Houmet Souk;175
Sers;Jerba Houmet Souk;435
Sbeitla;Jerba Houmet Souk;352
Sfax;Jerba Houmet Souk;276
Tozeur;Jerba Houmet Souk;326
Tunis;Jerba Houmet Souk;523
Tajerouine;Jerba Houmet Souk;456
Takelsa;Jerba Houmet Souk;516
Agareb;Jerba Houmet Souk;264
Testour;Jerba Houmet Souk;490
Tela;Jerba Houmet Souk;416
Tebourba;Jerba Houmet Souk;560
Teboursouk;Jerba Houmet Souk;462
Tataouine;Jerba Houmet Souk;126
Zarzis;Jerba Houmet Souk;43
Zaghouan;Jerba Houmet Souk;481
Zeramdine;Jerba Houmet Souk;364
Zriba;Jerba Houmet Souk;465
Alia;Jerba Houmet Souk;577
Metlaoui;Jerba Houmet Souk;306
Metouia;Jerba Houmet Souk;135
Moknine;Jerba Houmet Souk;382
Mateur;Jerba Houmet Souk;592
Mareth;Jerba Houmet Souk;75
Menzel Temime;Jerba Houmet Souk;530
Menzel Bourguiba;Jerba Houmet Souk;594
Menzel Hayet;Jerba Houmet Souk;355
Medenine;Jerba Houmet Souk;70
Mediaz El Bab;Jerba Houmet Souk;471
Meknassy;Jerba Houmet Souk;233
M'Dhilla;Jerba Houmet Souk;275
Nabeul;Jerba Houmet Souk;475
Nefta;Jerba Houmet Souk;350
Monastir;Jerba Houmet Souk;386
Mornaguia;Jerba Houmet Souk;539
Om Laraies;Jerba Houmet Souk;338
Ouedhref;Jerba Houmet Souk;140
Jemmal;Jedeida;203
Jendouba;Jedeida;160
Kairouan;Jedeida;157
Ksar;Jedeida;341
Korba;Jedeida;101
Ksour Essef;Jedeida;236
Kerkenah;Jedeida;338
Kebili;Jedeida;537
Kelibia;Jedeida;150
Mahdia;Jedeida;236
Mahres;Jedeida;326
Makthar;Jedeida;165
Le Kef;Jedeida;173
Bizerte;Jedeida;70
Bouficha;Jedeida;104
Bou Arada;Jedeida;76
Bou Argoub;Jedeida;74
Bou Salem;Jedeida;138
Benane Bodher;Jedeida;207
Ben Guerdane;Jedeida;578
Beja;Jedeida;120
Chebba;Jedeida;261
Dahmani;Jedeida;183
Enfidha;Jedeida;130
El Jem;Jedeida;226
El Fahs;Jedeida;65
Douz;Jedeida;566
Ghar El Melh;Jedeida;48
Ghardimaou;Jedeida;193
Guettar;Jedeida;359
Gromballia;Jedeida;66
Feriana;Jedeida;318
Gafsa;Jedeida;345
Gabes;Jedeida;438
Gaafour;Jedeida;102
Sidi Thabet;Jedeida;19
Siliana;Jedeida;132
Sidi Bou Ali;Jedeida;145
Sidi Bouzid;Jedeida;261
Tabarka;Jedeida;152
Sousse;Jedeida;170
Souk El Ahad;Jedeida;553
Skhira;Jedeida;378
Sers;Jedeida;168
Sbeitla;Jedeida;250
Sfax;Jedeida;291
Tozeur;Jedeida;437
Tunis;Jedeida;33
Tajerouine;Jedeida;208
Takelsa;Jedeida;73
Agareb;Jedeida;304
Testour;Jedeida;85
Tela;Jedeida;246
Tebourba;Jedeida;13
Teboursouk;Jedeida;107
Tataouine;Jedeida;557
Zarzis;Jedeida;571
Zaghouan;Jedeida;66
Zeramdine;Jedeida;206
Zriba;Jedeida;75
Alia;Jedeida;50
Metlaoui;Jedeida;383
Metouia;Jedeida;421
Moknine;Jedeida;220
Mateur;Jedeida;45
Mareth;Jedeida;473
Menzel Temime;Jedeida;135
Menzel Bourguiba;Jedeida;47
Menzel Hayet;Jedeida;198
Medenine;Jedeida;508
Mediaz El Bab;Jedeida;49
Meknassy;Jedeida;319
M'Dhilla;Jedeida;358
Nabeul;Jedeida;94
Nefta;Jedeida;460
Monastir;Jedeida;198
Mornaguia;Jedeida;15
Om Laraies;Jedeida;394
Ouedhref;Jedeida;417
Jendouba;Jemmal;329
Kairouan;Jemmal;73
Ksar;Jemmal;298
Korba;Jemmal;158
Ksour Essef;Jemmal;34
Kerkenah;Jemmal;159
Kebili;Jemmal;358
Kelibia;Jemmal;198
Mahdia;Jemmal;34
Mahres;Jemmal;147
Makthar;Jemmal;179
Le Kef;Jemmal;247
Bizerte;Jemmal;247
Bouficha;Jemmal;103
Bou Arada;Jemmal;168
Bou Argoub;Jemmal;132
Bou Salem;Jemmal;307
Benane Bodher;Jemmal;12
Ben Guerdane;Jemmal;399
Beja;Jemmal;289
Chebba;Jemmal;59
Dahmani;Jemmal;230
Enfidha;Jemmal;82
El Jem;Jemmal;46
El Fahs;Jemmal;142
Douz;Jemmal;387
Ghar El Melh;Jemmal;230
Ghardimaou;Jemmal;362
Guettar;Jemmal;334
Gromballia;Jemmal;142
Feriana;Jemmal;255
Gafsa;Jemmal;302
Gabes;Jemmal;259
Gaafour;Jemmal;199
Sidi Thabet;Jemmal;201
Siliana;Jemmal;174
Sidi Bou Ali;Jemmal;58
Sidi Bouzid;Jemmal;174
Tabarka;Jemmal;362
Sousse;Jemmal;30
Souk El Ahad;Jemmal;374
Skhira;Jemmal;199
Sers;Jemmal;213
Sbeitla;Jemmal;181
Sfax;Jemmal;112
Tozeur;Jemmal;394
Tunis;Jemmal;175
Tajerouine;Jemmal;264
Takelsa;Jemmal;169
Agareb;Jemmal;125
Testour;Jemmal;254
Tela;Jemmal;245
Tebourba;Jemmal;213
Teboursouk;Jemmal;209
Tataouine;Jemmal;378
Zarzis;Jemmal;392
Zaghouan;Jemmal;134
Zeramdine;Jemmal;6
Zriba;Jemmal;118
Alia;Jemmal;230
Metlaoui;Jemmal;340
Metouia;Jemmal;242
Moknine;Jemmal;16
Mateur;Jemmal;244
Mareth;Jemmal;294
Menzel Temime;Jemmal;183
Menzel Bourguiba;Jemmal;247
Menzel Hayet;Jemmal;18
Medenine;Jemmal;329
Mediaz El Bab;Jemmal;235
Meknassy;Jemmal;219
M'Dhilla;Jemmal;315
Nabeul;Jemmal;128
Nefta;Jemmal;417
Monastir;Jemmal;16
Mornaguia;Jemmal;192
Om Laraies;Jemmal;372
Ouedhref;Jemmal;238
Kairouan;Jendouba;200
Ksar;Jendouba;286
Korba;Jendouba;228
Ksour Essef;Jendouba;363
Kerkenah;Jendouba;368
Kebili;Jendouba;392
Kelibia;Jendouba;276
Mahdia;Jendouba;362
Mahres;Jendouba;452
Makthar;Jendouba;98
Le Kef;Jendouba;51
Bizerte;Jendouba;157
Bouficha;Jendouba;230
Bou Arada;Jendouba;98
Bou Argoub;Jendouba;201
Bou Salem;Jendouba;22
Benane Bodher;Jendouba;333
Ben Guerdane;Jendouba;525
Beja;Jendouba;49
Chebba;Jendouba;388
Dahmani;Jendouba;79
Enfidha;Jendouba;197
El Jem;Jendouba;353
El Fahs;Jendouba;137
Douz;Jendouba;421
Ghar El Melh;Jendouba;167
Ghardimaou;Jendouba;34
Guettar;Jendouba;303
Gromballia;Jendouba;193
Feriana;Jendouba;212
Gafsa;Jendouba;282
Gabes;Jendouba;385
Gaafour;Jendouba;75
Sidi Thabet;Jendouba;163
Siliana;Jendouba;102
Sidi Bou Ali;Jendouba;271
Sidi Bouzid;Jendouba;210
Tabarka;Jendouba;67
Sousse;Jendouba;296
Souk El Ahad;Jendouba;399
Skhira;Jendouba;324
Sers;Jendouba;64
Sbeitla;Jendouba;167
Sfax;Jendouba;314
Tozeur;Jendouba;374
Tunis;Jendouba;161
Tajerouine;Jendouba;87
Takelsa;Jendouba;205
Agareb;Jendouba;312
Testour;Jendouba;98
Tela;Jendouba;126
Tebourba;Jendouba;122
Teboursouk;Jendouba;57
Tataouine;Jendouba;504
Zarzis;Jendouba;518
Zaghouan;Jendouba;175
Zeramdine;Jendouba;333
Zriba;Jendouba;184
Alia;Jendouba;157
Metlaoui;Jendouba;320
Metouia;Jendouba;368
Moknine;Jendouba;346
Mateur;Jendouba;117
Mareth;Jendouba;420
Menzel Temime;Jendouba;262
Menzel Bourguiba;Jendouba;136
Menzel Hayet;Jendouba;324
Medenine;Jendouba;455
Mediaz El Bab;Jendouba;90
Meknassy;Jendouba;267
M'Dhilla;Jendouba;301
Nabeul;Jendouba;221
Nefta;Jendouba;397
Monastir;Jendouba;324
Mornaguia;Jendouba;139
Om Laraies;Jendouba;288
Ouedhref;Jendouba;364
Ksar;Kairouan;197
Korba;Kairouan;141
Ksour Essef;Kairouan;106
Kerkenah;Kairouan;187
Kebili;Kairouan;322
Kelibia;Kairouan;180
Mahdia;Kairouan;105
Mahres;Kairouan;205
Makthar;Kairouan;104
Le Kef;Kairouan;172
Bizerte;Kairouan;230
Bouficha;Kairouan;86
Bou Arada;Kairouan;119
Bou Argoub;Kairouan;115
Bou Salem;Kairouan;213
Benane Bodher;Kairouan;86
Ben Guerdane;Kairouan;362
Beja;Kairouan;195
Chebba;Kairouan;131
Dahmani;Kairouan;154
Enfidha;Kairouan;61
El Jem;Kairouan;73
El Fahs;Kairouan;93
Douz;Kairouan;351
Ghar El Melh;Kairouan;212
Ghardimaou;Kairouan;221
Guettar;Kairouan;215
Gromballia;Kairouan;124
Feriana;Kairouan;179
Gafsa;Kairouan;201
Gabes;Kairouan;222
Gaafour;Kairouan;136
Sidi Thabet;Kairouan;184
Siliana;Kairouan;100
Sidi Bou Ali;Kairouan;70
Sidi Bouzid;Kairouan;117
Tabarka;Kairouan;267
Sousse;Kairouan;55
Souk El Ahad;Kairouan;338
Skhira;Kairouan;162
Sers;Kairouan;137
Sbeitla;Kairouan;106
Sfax;Kairouan;134
Tozeur;Kairouan;293
Tunis;Kairouan;158
Tajerouine;Kairouan;189
Takelsa;Kairouan;152
Agareb;Kairouan;132
Testour;Kairouan;158
Tela;Kairouan;170
Tebourba;Kairouan;156
Teboursouk;Kairouan;151
Tataouine;Kairouan;341
Zarzis;Kairouan;355
Zaghouan;Kairouan;104
Zeramdine;Kairouan;76
Zriba;Kairouan;96
Alia;Kairouan;212
Metlaoui;Kairouan;239
Metouia;Kairouan;205
Moknine;Kairouan;89
Mateur;Kairouan;189
Mareth;Kairouan;258
Menzel Temime;Kairouan;165
Menzel Bourguiba;Kairouan;229
Menzel Hayet;Kairouan;67
Medenine;Kairouan;292
Mediaz El Bab;Kairouan;139
Meknassy;Kairouan;165
M'Dhilla;Kairouan;214
Nabeul;Kairouan;110
Nefta;Kairouan;316
Monastir;Kairouan;77
Mornaguia;Kairouan;147
Om Laraies;Kairouan;255
Ouedhref;Kairouan;201
Korba;Ksar;338
Ksour Essef;Ksar;284
Kerkenah;Ksar;243
Kebili;Ksar;108
Kelibia;Ksar;377
Mahdia;Ksar;291
Mahres;Ksar;179
Makthar;Ksar;194
Le Kef;Ksar;235
Bizerte;Ksar;407
Bouficha;Ksar;282
Bou Arada;Ksar;269
Bou Argoub;Ksar;312
Bou Salem;Ksar;307
Benane Bodher;Ksar;286
Ben Guerdane;Ksar;292
Beja;Ksar;334
Chebba;Ksar;264
Dahmani;Ksar;225
Enfidha;Ksar;257
El Jem;Ksar;254
El Fahs;Ksar;277
Douz;Ksar;137
Ghar El Melh;Ksar;390
Ghardimaou;Ksar;298
Guettar;Ksar;19
Gromballia;Ksar;321
Feriana;Ksar;75
Gafsa;Ksar;5
Gabes;Ksar;152
Gaafour;Ksar;283
Sidi Thabet;Ksar;361
Siliana;Ksar;227
Sidi Bou Ali;Ksar;270
Sidi Bouzid;Ksar;98
Tabarka;Ksar;352
Sousse;Ksar;255
Souk El Ahad;Ksar;115
Skhira;Ksar;144
Sers;Ksar;240
Sbeitla;Ksar;122
Sfax;Ksar;201
Tozeur;Ksar;97
Tunis;Ksar;339
Tajerouine;Ksar;199
Takelsa;Ksar;349
Agareb;Ksar;176
Testour;Ksar;322
Tela;Ksar;160
Tebourba;Ksar;340
Teboursouk;Ksar;301
Tataouine;Ksar;271
Zarzis;Ksar;285
Zaghouan;Ksar;293
Zeramdine;Ksar;276
Zriba;Ksar;293
Alia;Ksar;390
Metlaoui;Ksar;43
Metouia;Ksar;134
Moknine;Ksar;289
Mateur;Ksar;373
Mareth;Ksar;188
Menzel Temime;Ksar;362
Menzel Bourguiba;Ksar;407
Menzel Hayet;Ksar;283
Medenine;Ksar;222
Mediaz El Bab;Ksar;323
Meknassy;Ksar;80
M'Dhilla;Ksar;17
Nabeul;Ksar;307
Nefta;Ksar;120
Monastir;Ksar;277
Mornaguia;Ksar;331
Om Laraies;Ksar;75
Ouedhref;Ksar;129
Ksour Essef;Korba;187
Kerkenah;Korba;289
Kebili;Korba;489
Kelibia;Korba;41
Mahdia;Korba;187
Mahres;Korba;277
Makthar;Korba;206
Le Kef;Korba;240
Bizerte;Korba;146
Bouficha;Korba;55
Bou Arada;Korba;133
Bou Argoub;Korba;42
Bou Salem;Korba;205
Benane Bodher;Korba;158
Ben Guerdane;Korba;529
Beja;Korba;187
Chebba;Korba;213
Dahmani;Korba;250
Enfidha;Korba;82
El Jem;Korba;178
El Fahs;Korba;106
Douz;Korba;518
Ghar El Melh;Korba;128
Ghardimaou;Korba;260
Guettar;Korba;465
Gromballia;Korba;36
Feriana;Korba;350
Gafsa;Korba;371
Gabes;Korba;389
Gaafour;Korba;186
Sidi Thabet;Korba;100
Siliana;Korba;173
Sidi Bou Ali;Korba;96
Sidi Bouzid;Korba;277
Tabarka;Korba;260
Sousse;Korba;121
Souk El Ahad;Korba;505
Skhira;Korba;330
Sers;Korba;211
Sbeitla;Korba;276
Sfax;Korba;243
Tozeur;Korba;463
Tunis;Korba;67
Tajerouine;Korba;275
Takelsa;Korba;43
Agareb;Korba;255
Testour;Korba;152
Tela;Korba;284
Tebourba;Korba;111
Teboursouk;Korba;175
Tataouine;Korba;508
Zarzis;Korba;522
Zaghouan;Korba;79
Zeramdine;Korba;158
Zriba;Korba;78
Alia;Korba;128
Metlaoui;Korba;409
Metouia;Korba;372
Moknine;Korba;171
Mateur;Korba;143
Mareth;Korba;425
Menzel Temime;Korba;26
Menzel Bourguiba;Korba;145
Menzel Hayet;Korba;149
Medenine;Korba;459
Mediaz El Bab;Korba;134
Meknassy;Korba;349
M'Dhilla;Korba;384
Nabeul;Korba;30
Nefta;Korba;486
Monastir;Korba;149
Mornaguia;Korba;90
Om Laraies;Korba;425
Ouedhref;Korba;368
Kerkenah;Ksour Essef;140
Kebili;Ksour Essef;343
Kelibia;Ksour Essef;231
Mahdia;Ksour Essef;8
Mahres;Ksour Essef;131
Makthar;Ksour Essef;213
Le Kef;Ksour Essef;281
Bizerte;Ksour Essef;281
Bouficha;Ksour Essef;137
Bou Arada;Ksour Essef;202
Bou Argoub;Ksour Essef;166
Bou Salem;Ksour Essef;341
Benane Bodher;Ksour Essef;39
Ben Guerdane;Ksour Essef;383
Beja;Ksour Essef;323
Chebba;Ksour Essef;25
Dahmani;Ksour Essef;263
Enfidha;Ksour Essef;116
El Jem;Ksour Essef;31
El Fahs;Ksour Essef;176
Douz;Ksour Essef;372
Ghar El Melh;Ksour Essef;264
Ghardimaou;Ksour Essef;396
Guettar;Ksour Essef;319
Gromballia;Ksour Essef;175
Feriana;Ksour Essef;289
Gafsa;Ksour Essef;287
Gabes;Ksour Essef;243
Gaafour;Ksour Essef;233
Sidi Thabet;Ksour Essef;235
Siliana;Ksour Essef;208
Sidi Bou Ali;Ksour Essef;92
Sidi Bouzid;Ksour Essef;178
Tabarka;Ksour Essef;396
Sousse;Ksour Essef;65
Souk El Ahad;Ksour Essef;359
Skhira;Ksour Essef;184
Sers;Ksour Essef;247
Sbeitla;Ksour Essef;215
Sfax;Ksour Essef;93
Tozeur;Ksour Essef;378
Tunis;Ksour Essef;209
Tajerouine;Ksour Essef;298
Takelsa;Ksour Essef;203
Agareb;Ksour Essef;109
Testour;Ksour Essef;288
Tela;Ksour Essef;279
Tebourba;Ksour Essef;247
Teboursouk;Ksour Essef;243
Tataouine;Ksour Essef;362
Zarzis;Ksour Essef;376
Zaghouan;Ksour Essef;168
Zeramdine;Ksour Essef;35
Zriba;Ksour Essef;152
Alia;Ksour Essef;264
Metlaoui;Ksour Essef;324
Metouia;Ksour Essef;226
Moknine;Ksour Essef;30
Mateur;Ksour Essef;278
Mareth;Ksour Essef;279
Menzel Temime;Ksour Essef;217
Menzel Bourguiba;Ksour Essef;280
Menzel Hayet;Ksour Essef;46
Medenine;Ksour Essef;313
Mediaz El Bab;Ksour Essef;269
Meknassy;Ksour Essef;203
M'Dhilla;Ksour Essef;299
Nabeul;Ksour Essef;162
Nefta;Ksour Essef;402
Monastir;Ksour Essef;47
Mornaguia;Ksour Essef;226
Om Laraies;Ksour Essef;356
Ouedhref;Ksour Essef;222
Kebili;Kerkenah;305
Kelibia;Kerkenah;333
Mahdia;Kerkenah;148
Mahres;Kerkenah;81
Makthar;Kerkenah;271
Le Kef;Kerkenah;339
Bizerte;Kerkenah;382
Bouficha;Kerkenah;238
Bou Arada;Kerkenah;303
Bou Argoub;Kerkenah;267
Bou Salem;Kerkenah;442
Benane Bodher;Kerkenah;168
Ben Guerdane;Kerkenah;345
Beja;Kerkenah;424
Chebba;Kerkenah;113
Dahmani;Kerkenah;305
Enfidha;Kerkenah;217
El Jem;Kerkenah;110
El Fahs;Kerkenah;277
Douz;Kerkenah;334
Ghar El Melh;Kerkenah;365
Ghardimaou;Kerkenah;388
Guettar;Kerkenah;281
Gromballia;Kerkenah;277
Feriana;Kerkenah;287
Gafsa;Kerkenah;247
Gabes;Kerkenah;205
Gaafour;Kerkenah;334
Sidi Thabet;Kerkenah;336
Siliana;Kerkenah;280
Sidi Bou Ali;Kerkenah;194
Sidi Bouzid;Kerkenah;181
Tabarka;Kerkenah;497
Sousse;Kerkenah;179
Souk El Ahad;Kerkenah;321
Skhira;Kerkenah;146
Sers;Kerkenah;305
Sbeitla;Kerkenah;213
Sfax;Kerkenah;51
Tozeur;Kerkenah;339
Tunis;Kerkenah;310
Tajerouine;Kerkenah;316
Takelsa;Kerkenah;304
Agareb;Kerkenah;70
Testour;Kerkenah;389
Tela;Kerkenah;277
Tebourba;Kerkenah;348
Teboursouk;Kerkenah;344
Tataouine;Kerkenah;325
Zarzis;Kerkenah;338
Zaghouan;Kerkenah;269
Zeramdine;Kerkenah;152
Zriba;Kerkenah;253
Alia;Kerkenah;365
Metlaoui;Kerkenah;285
Metouia;Kerkenah;189
Moknine;Kerkenah;169
Mateur;Kerkenah;379
Mareth;Kerkenah;241
Menzel Temime;Kerkenah;318
Menzel Bourguiba;Kerkenah;382
Menzel Hayet;Kerkenah;143
Medenine;Kerkenah;275
Mediaz El Bab;Kerkenah;370
Meknassy;Kerkenah;164
M'Dhilla;Kerkenah;260
Nabeul;Kerkenah;263
Nefta;Kerkenah;362
Monastir;Kerkenah;174
Mornaguia;Kerkenah;327
Om Laraies;Kerkenah;317
Ouedhref;Kerkenah;184
Kelibia;Kebili;532
Mahdia;Kebili;351
Mahres;Kebili;232
Makthar;Kebili;301
Le Kef;Kebili;341
Bizerte;Kebili;582
Bouficha;Kebili;438
Bou Arada;Kebili;439
Bou Argoub;Kebili;467
Bou Salem;Kebili;413
Benane Bodher;Kebili;368
Ben Guerdane;Kebili;261
Beja;Kebili;440
Chebba;Kebili;331
Dahmani;Kebili;331
Enfidha;Kebili;417
El Jem;Kebili;314
El Fahs;Kebili;413
Douz;Kebili;29
Ghar El Melh;Kebili;565
Ghardimaou;Kebili;404
Guettar;Kebili;89
Gromballia;Kebili;476
Feriana;Kebili;181
Gafsa;Kebili;111
Gabes;Kebili;118
Gaafour;Kebili;389
Sidi Thabet;Kebili;536
Siliana;Kebili;334
Sidi Bou Ali;Kebili;393
Sidi Bouzid;Kebili;205
Tabarka;Kebili;458
Sousse;Kebili;379
Souk El Ahad;Kebili;17
Skhira;Kebili;160
Sers;Kebili;346
Sbeitla;Kebili;230
Sfax;Kebili;263
Tozeur;Kebili;93
Tunis;Kebili;510
Tajerouine;Kebili;305
Takelsa;Kebili;504
Agareb;Kebili;252
Testour;Kebili;428
Tela;Kebili;266
Tebourba;Kebili;548
Teboursouk;Kebili;407
Tataouine;Kebili;240
Zarzis;Kebili;254
Zaghouan;Kebili;469
Zeramdine;Kebili;351
Zriba;Kebili;453
Alia;Kebili;565
Metlaoui;Kebili;119
Metouia;Kebili;120
Moknine;Kebili;369
Mateur;Kebili;579
Mareth;Kebili;154
Menzel Temime;Kebili;518
Menzel Bourguiba;Kebili;581
Menzel Hayet;Kebili;342
Medenine;Kebili;191
Mediaz El Bab;Kebili;459
Meknassy;Kebili;148
M'Dhilla;Kebili;118
Nabeul;Kebili;463
Nefta;Kebili;117
Monastir;Kebili;373
Mornaguia;Kebili;527
Om Laraies;Kebili;150
Ouedhref;Kebili;118
Mahdia;Kelibia;226
Mahres;Kelibia;316
Makthar;Kelibia;245
Le Kef;Kelibia;289
Bizerte;Kelibia;170
Bouficha;Kelibia;94
Bou Arada;Kelibia;173
Bou Argoub;Kelibia;81
Bou Salem;Kelibia;254
Benane Bodher;Kelibia;197
Ben Guerdane;Kelibia;568
Beja;Kelibia;236
Chebba;Kelibia;252
Dahmani;Kelibia;299
Enfidha;Kelibia;121
El Jem;Kelibia;217
El Fahs;Kelibia;145
Douz;Kelibia;557
Ghar El Melh;Kelibia;153
Ghardimaou;Kelibia;309
Guettar;Kelibia;504
Gromballia;Kelibia;77
Feriana;Kelibia;389
Gafsa;Kelibia;410
Gabes;Kelibia;428
Gaafour;Kelibia;235
Sidi Thabet;Kelibia;124
Siliana;Kelibia;212
Sidi Bou Ali;Kelibia;135
Sidi Bouzid;Kelibia;316
Tabarka;Kelibia;309
Sousse;Kelibia;160
Souk El Ahad;Kelibia;544
Skhira;Kelibia;369
Sers;Kelibia;250
Sbeitla;Kelibia;315
Sfax;Kelibia;282
Tozeur;Kelibia;502
Tunis;Kelibia;97
Tajerouine;Kelibia;324
Takelsa;Kelibia;60
Agareb;Kelibia;294
Testour;Kelibia;201
Tela;Kelibia;323
Tebourba;Kelibia;160
Teboursouk;Kelibia;224
Tataouine;Kelibia;547
Zarzis;Kelibia;561
Zaghouan;Kelibia;118
Zeramdine;Kelibia;197
Zriba;Kelibia;117
Alia;Kelibia;153
Metlaoui;Kelibia;448
Metouia;Kelibia;411
Moknine;Kelibia;210
Mateur;Kelibia;192
Mareth;Kelibia;464
Menzel Temime;Kelibia;16
Menzel Bourguiba;Kelibia;170
Menzel Hayet;Kelibia;188
Medenine;Kelibia;498
Mediaz El Bab;Kelibia;183
Meknassy;Kelibia;388
M'Dhilla;Kelibia;423
Nabeul;Kelibia;69
Nefta;Kelibia;525
Monastir;Kelibia;188
Mornaguia;Kelibia;139
Om Laraies;Kelibia;465
Ouedhref;Kelibia;407
Mahres;Mahdia;139
Makthar;Mahdia;212
Le Kef;Mahdia;281
Bizerte;Mahdia;281
Bouficha;Mahdia;137
Bou Arada;Mahdia;202
Bou Argoub;Mahdia;166
Bou Salem;Mahdia;341
Benane Bodher;Mahdia;39
Ben Guerdane;Mahdia;391
Beja;Mahdia;323
Chebba;Mahdia;34
Dahmani;Mahdia;263
Enfidha;Mahdia;115
El Jem;Mahdia;39
El Fahs;Mahdia;176
Douz;Mahdia;379
Ghar El Melh;Mahdia;263
Ghardimaou;Mahdia;395
Guettar;Mahdia;327
Gromballia;Mahdia;175
Feriana;Mahdia;288
Gafsa;Mahdia;294
Gabes;Mahdia;251
Gaafour;Mahdia;233
Sidi Thabet;Mahdia;235
Siliana;Mahdia;207
Sidi Bou Ali;Mahdia;92
Sidi Bouzid;Mahdia;185
Tabarka;Mahdia;395
Sousse;Mahdia;65
Souk El Ahad;Mahdia;367
Skhira;Mahdia;191
Sers;Mahdia;246
Sbeitla;Mahdia;215
Sfax;Mahdia;101
Tozeur;Mahdia;386
Tunis;Mahdia;209
Tajerouine;Mahdia;297
Takelsa;Mahdia;203
Agareb;Mahdia;117
Testour;Mahdia;288
Tela;Mahdia;279
Tebourba;Mahdia;247
Teboursouk;Mahdia;242
Tataouine;Mahdia;370
Zarzis;Mahdia;384
Zaghouan;Mahdia;167
Zeramdine;Mahdia;35
Zriba;Mahdia;152
Alia;Mahdia;263
Metlaoui;Mahdia;332
Metouia;Mahdia;234
Moknine;Mahdia;30
Mateur;Mahdia;278
Mareth;Mahdia;286
Menzel Temime;Mahdia;216
Menzel Bourguiba;Mahdia;280
Menzel Hayet;Mahdia;46
Medenine;Mahdia;321
Mediaz El Bab;Mahdia;269
Meknassy;Mahdia;211
M'Dhilla;Mahdia;307
Nabeul;Mahdia;161
Nefta;Mahdia;410
Monastir;Mahdia;47
Mornaguia;Mahdia;226
Om Laraies;Mahdia;364
Ouedhref;Mahdia;230
Makthar;Mahres;253
Le Kef;Mahres;322
Bizerte;Mahres;370
Bouficha;Mahres;226
Bou Arada;Mahres;291
Bou Argoub;Mahres;255
Bou Salem;Mahres;430
Benane Bodher;Mahres;156
Ben Guerdane;Mahres;272
Beja;Mahres;412
Chebba;Mahres;119
Dahmani;Mahres;286
Enfidha;Mahres;205
El Jem;Mahres;102
El Fahs;Mahres;265
Douz;Mahres;260
Ghar El Melh;Mahres;353
Ghardimaou;Mahres;485
Guettar;Mahres;156
Gromballia;Mahres;265
Feriana;Mahres;248
Gafsa;Mahres;182
Gabes;Mahres;102
Gaafour;Mahres;322
Sidi Thabet;Mahres;324
Siliana;Mahres;297
Sidi Bou Ali;Mahres;182
Sidi Bouzid;Mahres;161
Tabarka;Mahres;485
Sousse;Mahres;167
Souk El Ahad;Mahres;247
Skhira;Mahres;50
Sers;Mahres;287
Sbeitla;Mahres;193
Sfax;Mahres;39
Tozeur;Mahres;274
Tunis;Mahres;298
Tajerouine;Mahres;297
Takelsa;Mahres;292
Agareb;Mahres;40
Testour;Mahres;377
Tela;Mahres;258
Tebourba;Mahres;336
Teboursouk;Mahres;332
Tataouine;Mahres;251
Zarzis;Mahres;265
Zaghouan;Mahres;257
Zeramdine;Mahres;140
Zriba;Mahres;241
Alia;Mahres;353
Metlaoui;Mahres;220
Metouia;Mahres;92
Moknine;Mahres;157
Mateur;Mahres;367
Mareth;Mahres;167
Menzel Temime;Mahres;306
Menzel Bourguiba;Mahres;370
Menzel Hayet;Mahres;131
Medenine;Mahres;202
Mediaz El Bab;Mahres;358
Meknassy;Mahres;99
M'Dhilla;Mahres;195
Nabeul;Mahres;251
Nefta;Mahres;298
Monastir;Mahres;161
Mornaguia;Mahres;315
Om Laraies;Mahres;252
Ouedhref;Mahres;111
Le Kef;Makthar;69
Bizerte;Makthar;231
Bouficha;Makthar;159
Bou Arada;Makthar;76
Bou Argoub;Makthar;193
Bou Salem;Makthar;119
Benane Bodher;Makthar;192
Ben Guerdane;Makthar;428
Beja;Makthar;135
Chebba;Makthar;237
Dahmani;Makthar;51
Enfidha;Makthar;159
El Jem;Makthar;177
El Fahs;Makthar;101
Douz;Makthar;362
Ghar El Melh;Makthar;214
Ghardimaou;Makthar;118
Guettar;Makthar;243
Gromballia;Makthar;185
Feriana;Makthar;153
Gafsa;Makthar;222
Gabes;Makthar;288
Gaafour;Makthar;72
Sidi Thabet;Makthar;185
Siliana;Makthar;34
Sidi Bou Ali;Makthar;177
Sidi Bouzid;Makthar;114
Tabarka;Makthar;164
Sousse;Makthar;162
Souk El Ahad;Makthar;340
Skhira;Makthar;227
Sers;Makthar;35
Sbeitla;Makthar;87
Sfax;Makthar;217
Tozeur;Makthar;314
Tunis;Makthar;163
Tajerouine;Makthar;85
Takelsa;Makthar;197
Agareb;Makthar;215
Testour;Makthar;108
Tela;Makthar;78
Tebourba;Makthar;163
Teboursouk;Makthar;86
Tataouine;Makthar;407
Zarzis;Makthar;421
Zaghouan;Makthar;125
Zeramdine;Makthar;182
Zriba;Makthar;134
Alia;Makthar;213
Metlaoui;Makthar;261
Metouia;Makthar;271
Moknine;Makthar;196
Mateur;Makthar;197
Mareth;Makthar;323
Menzel Temime;Makthar;232
Menzel Bourguiba;Makthar;230
Menzel Hayet;Makthar;174
Medenine;Makthar;358
Mediaz El Bab;Makthar;111
Meknassy;Makthar;171
M'Dhilla;Makthar;242
Nabeul;Makthar;177
Nefta;Makthar;338
Monastir;Makthar;183
Mornaguia;Makthar;154
Om Laraies;Makthar;229
Ouedhref;Makthar;267
Bizerte;Le Kef;208
Bouficha;Le Kef;199
Bou Arada;Le Kef;98
Bou Argoub;Le Kef;215
Bou Salem;Le Kef;73
Benane Bodher;Le Kef;261
Ben Guerdane;Le Kef;497
Beja;Le Kef;100
Chebba;Le Kef;306
Dahmani;Le Kef;30
Enfidha;Le Kef;199
El Jem;Le Kef;245
El Fahs;Le Kef;141
Douz;Le Kef;370
Ghar El Melh;Le Kef;211
Ghardimaou;Le Kef;65
Guettar;Le Kef;252
Gromballia;Le Kef;207
Feriana;Le Kef;161
Gafsa;Le Kef;231
Gabes;Le Kef;356
Gaafour;Le Kef;68
Sidi Thabet;Le Kef;177
Siliana;Le Kef;73
Sidi Bou Ali;Le Kef;220
Sidi Bouzid;Le Kef;164
Tabarka;Le Kef;118
Sousse;Le Kef;231
Souk El Ahad;Le Kef;348
Skhira;Le Kef;296
Sers;Le Kef;36
Sbeitla;Le Kef;122
Sfax;Le Kef;286
Tozeur;Le Kef;323
Tunis;Le Kef;175
Tajerouine;Le Kef;36
Takelsa;Le Kef;219
Agareb;Le Kef;284
Testour;Le Kef;89
Tela;Le Kef;75
Tebourba;Le Kef;142
Teboursouk;Le Kef;68
Tataouine;Le Kef;476
Zarzis;Le Kef;490
Zaghouan;Le Kef;165
Zeramdine;Le Kef;251
Zriba;Le Kef;174
Alia;Le Kef;210
Metlaoui;Le Kef;269
Metouia;Le Kef;340
Moknine;Le Kef;265
Mateur;Le Kef;167
Mareth;Le Kef;392
Menzel Temime;Le Kef;276
Menzel Bourguiba;Le Kef;187
Menzel Hayet;Le Kef;242
Medenine;Le Kef;427
Mediaz El Bab;Le Kef;109
Meknassy;Le Kef;221
M'Dhilla;Le Kef;250
Nabeul;Le Kef;235
Nefta;Le Kef;346
Monastir;Le Kef;252
Mornaguia;Le Kef;153
Om Laraies;Le Kef;237
Ouedhref;Le Kef;336
Bouficha;Bizerte;148
Bou Arada;Bizerte;149
Bou Argoub;Bizerte;119
Bou Salem;Bizerte;132
Benane Bodher;Bizerte;252
Ben Guerdane;Bizerte;622
Beja;Bizerte;104
Chebba;Bizerte;306
Dahmani;Bizerte;237
Enfidha;Bizerte;175
El Jem;Bizerte;271
El Fahs;Bizerte;129
Douz;Bizerte;611
Ghar El Melh;Bizerte;31
Ghardimaou;Bizerte;187
Guettar;Bizerte;423
Gromballia;Bizerte;111
Feriana;Bizerte;382
Gafsa;Bizerte;409
Gabes;Bizerte;482
Gaafour;Bizerte;174
Sidi Thabet;Bizerte;63
Siliana;Bizerte;196
Sidi Bou Ali;Bizerte;189
Sidi Bouzid;Bizerte;325
Tabarka;Bizerte;139
Sousse;Bizerte;215
Souk El Ahad;Bizerte;598
Skhira;Bizerte;423
Sers;Bizerte;223
Sbeitla;Bizerte;314
Sfax;Bizerte;336
Tozeur;Bizerte;501
Tunis;Bizerte;77
Tajerouine;Bizerte;239
Takelsa;Bizerte;120
Agareb;Bizerte;348
Testour;Bizerte;139
Tela;Bizerte;278
Tebourba;Bizerte;71
Teboursouk;Bizerte;162
Tataouine;Bizerte;601
Zarzis;Bizerte;615
Zaghouan;Bizerte;122
Zeramdine;Bizerte;251
Zriba;Bizerte;131
Alia;Bizerte;23
Metlaoui;Bizerte;447
Metouia;Bizerte;466
Moknine;Bizerte;264
Mateur;Bizerte;41
Mareth;Bizerte;518
Menzel Temime;Bizerte;180
Menzel Bourguiba;Bizerte;23
Menzel Hayet;Bizerte;242
Medenine;Bizerte;552
Mediaz El Bab;Bizerte;121
Meknassy;Bizerte;443
M'Dhilla;Bizerte;422
Nabeul;Bizerte;139
Nefta;Bizerte;525
Monastir;Bizerte;243
Mornaguia;Bizerte;77
Om Laraies;Bizerte;458
Ouedhref;Bizerte;461
Bou Arada;Bouficha;89
Bou Argoub;Bouficha;31
Bou Salem;Bouficha;208
Benane Bodher;Bouficha;107
Ben Guerdane;Bouficha;478
Beja;Bouficha;190
Chebba;Bouficha;161
Dahmani;Bouficha;192
Enfidha;Bouficha;22
El Jem;Bouficha;126
El Fahs;Bouficha;61
Douz;Bouficha;466
Ghar El Melh;Bouficha;131
Ghardimaou;Bouficha;263
Guettar;Bouficha;413
Gromballia;Bouficha;43
Feriana;Bouficha;298
Gafsa;Bouficha;319
Gabes;Bouficha;337
Gaafour;Bouficha;120
Sidi Thabet;Bouficha;103
Siliana;Bouficha;128
Sidi Bou Ali;Bouficha;44
Sidi Bouzid;Bouficha;226
Tabarka;Bouficha;263
Sousse;Bouficha;70
Souk El Ahad;Bouficha;453
Skhira;Bouficha;278
Sers;Bouficha;166
Sbeitla;Bouficha;224
Sfax;Bouficha;191
Tozeur;Bouficha;411
Tunis;Bouficha;77
Tajerouine;Bouficha;226
Takelsa;Bouficha;71
Agareb;Bouficha;203
Testour;Bouficha;155
Tela;Bouficha;239
Tebourba;Bouficha;114
Teboursouk;Bouficha;178
Tataouine;Bouficha;457
Zarzis;Bouficha;470
Zaghouan;Bouficha;35
Zeramdine;Bouficha;106
Zriba;Bouficha;26
Alia;Bouficha;131
Metlaoui;Bouficha;357
Metouia;Bouficha;321
Moknine;Bouficha;119
Mateur;Bouficha;146
Mareth;Bouficha;373
Menzel Temime;Bouficha;81
Menzel Bourguiba;Bouficha;148
Menzel Hayet;Bouficha;97
Medenine;Bouficha;407
Mediaz El Bab;Bouficha;137
Meknassy;Bouficha;298
M'Dhilla;Bouficha;332
Nabeul;Bouficha;27
Nefta;Bouficha;435
Monastir;Bouficha;98
Mornaguia;Bouficha;94
Om Laraies;Bouficha;374
Ouedhref;Bouficha;316
Bou Argoub;Bou Arada;121
Bou Salem;Bou Arada;78
Benane Bodher;Bou Arada;173
Ben Guerdane;Bou Arada;479
Beja;Bou Arada;91
Chebba;Bou Arada;227
Dahmani;Bou Arada;100
Enfidha;Bou Arada;87
El Jem;Bou Arada;192
El Fahs;Bou Arada;29
Douz;Bou Arada;467
Ghar El Melh;Bou Arada;131
Ghardimaou;Bou Arada;131
Guettar;Bou Arada;319
Gromballia;Bou Arada;113
Feriana;Bou Arada;229
Gafsa;Bou Arada;298
Gabes;Bou Arada;339
Gaafour;Bou Arada;31
Sidi Thabet;Bou Arada;98
Siliana;Bou Arada;42
Sidi Bou Ali;Bou Arada;108
Sidi Bouzid;Bou Arada;189
Tabarka;Bou Arada;164
Sousse;Bou Arada;136
Souk El Ahad;Bou Arada;454
Skhira;Bou Arada;278
Sers;Bou Arada;85
Sbeitla;Bou Arada;163
Sfax;Bou Arada;257
Tozeur;Bou Arada;390
Tunis;Bou Arada;96
Tajerouine;Bou Arada;132
Takelsa;Bou Arada;124
Agareb;Bou Arada;269
Testour;Bou Arada;46
Tela;Bou Arada;154
Tebourba;Bou Arada;69
Teboursouk;Bou Arada;40
Tataouine;Bou Arada;458
Zarzis;Bou Arada;472
Zaghouan;Bou Arada;53
Zeramdine;Bou Arada;172
Zriba;Bou Arada;62
Alia;Bou Arada;131
Metlaoui;Bou Arada;337
Metouia;Bou Arada;322
Moknine;Bou Arada;185
Mateur;Bou Arada;100
Mareth;Bou Arada;374
Menzel Temime;Bou Arada;160
Menzel Bourguiba;Bou Arada;124
Menzel Hayet;Bou Arada;163
Medenine;Bou Arada;409
Mediaz El Bab;Bou Arada;36
Meknassy;Bou Arada;281
M'Dhilla;Bou Arada;318
Nabeul;Bou Arada;105
Nefta;Bou Arada;414
Monastir;Bou Arada;164
Mornaguia;Bou Arada;74
Om Laraies;Bou Arada;305
Ouedhref;Bou Arada;318
Bou Salem;Bou Argoub;177
Benane Bodher;Bou Argoub;136
Ben Guerdane;Bou Argoub;507
Beja;Bou Argoub;159
Chebba;Bou Argoub;190
Dahmani;Bou Argoub;222
Enfidha;Bou Argoub;59
El Jem;Bou Argoub;155
El Fahs;Bou Argoub;91
Douz;Bou Argoub;495
Ghar El Melh;Bou Argoub;100
Ghardimaou;Bou Argoub;232
Guettar;Bou Argoub;442
Gromballia;Bou Argoub;10
Feriana;Bou Argoub;327
Gafsa;Bou Argoub;348
Gabes;Bou Argoub;366
Gaafour;Bou Argoub;158
Sidi Thabet;Bou Argoub;71
Siliana;Bou Argoub;158
Sidi Bou Ali;Bou Argoub;73
Sidi Bouzid;Bou Argoub;255
Tabarka;Bou Argoub;232
Sousse;Bou Argoub;99
Souk El Ahad;Bou Argoub;482
Skhira;Bou Argoub;307
Sers;Bou Argoub;196
Sbeitla;Bou Argoub;253
Sfax;Bou Argoub;220
Tozeur;Bou Argoub;440
Tunis;Bou Argoub;45
Tajerouine;Bou Argoub;246
Takelsa;Bou Argoub;38
Agareb;Bou Argoub;232
Testour;Bou Argoub;124
Tela;Bou Argoub;269
Tebourba;Bou Argoub;83
Teboursouk;Bou Argoub;146
Tataouine;Bou Argoub;486
Zarzis;Bou Argoub;499
Zaghouan;Bou Argoub;57
Zeramdine;Bou Argoub;135
Zriba;Bou Argoub;56
Alia;Bou Argoub;100
Metlaoui;Bou Argoub;386
Metouia;Bou Argoub;350
Moknine;Bou Argoub;148
Mateur;Bou Argoub;114
Mareth;Bou Argoub;402
Menzel Temime;Bou Argoub;67
Menzel Bourguiba;Bou Argoub;117
Menzel Hayet;Bou Argoub;126
Medenine;Bou Argoub;436
Mediaz El Bab;Bou Argoub;105
Meknassy;Bou Argoub;327
M'Dhilla;Bou Argoub;361
Nabeul;Bou Argoub;23
Nefta;Bou Argoub;464
Monastir;Bou Argoub;127
Mornaguia;Bou Argoub;62
Om Laraies;Bou Argoub;403
Ouedhref;Bou Argoub;345
Benane Bodher;Bou Salem;312
Ben Guerdane;Bou Salem;567
Beja;Bou Salem;28
Chebba;Bou Salem;366
Dahmani;Bou Salem;100
Enfidha;Bou Salem;176
El Jem;Bou Salem;331
El Fahs;Bou Salem;116
Douz;Bou Salem;442
Ghar El Melh;Bou Salem;145
Ghardimaou;Bou Salem;55
Guettar;Bou Salem;324
Gromballia;Bou Salem;171
Feriana;Bou Salem;233
Gafsa;Bou Salem;303
Gabes;Bou Salem;427
Gaafour;Bou Salem;67
Sidi Thabet;Bou Salem;142
Siliana;Bou Salem;90
Sidi Bou Ali;Bou Salem;250
Sidi Bouzid;Bou Salem;230
Tabarka;Bou Salem;79
Sousse;Bou Salem;275
Souk El Ahad;Bou Salem;420
Skhira;Bou Salem;367
Sers;Bou Salem;85
Sbeitla;Bou Salem;188
Sfax;Bou Salem;396
Tozeur;Bou Salem;395
Tunis;Bou Salem;140
Tajerouine;Bou Salem;108
Takelsa;Bou Salem;183
Agareb;Bou Salem;409
Testour;Bou Salem;76
Tela;Bou Salem;146
Tebourba;Bou Salem;101
Teboursouk;Bou Salem;38
Tataouine;Bou Salem;546
Zarzis;Bou Salem;560
Zaghouan;Bou Salem;153
Zeramdine;Bou Salem;311
Zriba;Bou Salem;163
Alia;Bou Salem;135
Metlaoui;Bou Salem;341
Metouia;Bou Salem;411
Moknine;Bou Salem;325
Mateur;Bou Salem;95
Mareth;Bou Salem;463
Menzel Temime;Bou Salem;240
Menzel Bourguiba;Bou Salem;114
Menzel Hayet;Bou Salem;303
Medenine;Bou Salem;497
Mediaz El Bab;Bou Salem;69
Meknassy;Bou Salem;288
M'Dhilla;Bou Salem;322
Nabeul;Bou Salem;200
Nefta;Bou Salem;418
Monastir;Bou Salem;303
Mornaguia;Bou Salem;118
Om Laraies;Bou Salem;309
Ouedhref;Bou Salem;406
Ben Guerdane;Benane Bodher;408
Beja;Benane Bodher;294
Chebba;Benane Bodher;64
Dahmani;Benane Bodher;243
Enfidha;Benane Bodher;86
El Jem;Benane Bodher;55
El Fahs;Benane Bodher;147
Douz;Benane Bodher;396
Ghar El Melh;Benane Bodher;234
Ghardimaou;Benane Bodher;366
Guettar;Benane Bodher;343
Gromballia;Benane Bodher;146
Feriana;Benane Bodher;268
Gafsa;Benane Bodher;311
Gabes;Benane Bodher;267
Gaafour;Benane Bodher;204
Sidi Thabet;Benane Bodher;206
Siliana;Benane Bodher;187
Sidi Bou Ali;Benane Bodher;63
Sidi Bouzid;Benane Bodher;182
Tabarka;Benane Bodher;366
Sousse;Benane Bodher;35
Souk El Ahad;Benane Bodher;383
Skhira;Benane Bodher;208
Sers;Benane Bodher;226
Sbeitla;Benane Bodher;194
Sfax;Benane Bodher;121
Tozeur;Benane Bodher;403
Tunis;Benane Bodher;180
Tajerouine;Benane Bodher;277
Takelsa;Benane Bodher;174
Agareb;Benane Bodher;134
Testour;Benane Bodher;258
Tela;Benane Bodher;258
Tebourba;Benane Bodher;218
Teboursouk;Benane Bodher;213
Tataouine;Benane Bodher;387
Zarzis;Benane Bodher;401
Zaghouan;Benane Bodher;138
Zeramdine;Benane Bodher;19
Zriba;Benane Bodher;123
Alia;Benane Bodher;234
Metlaoui;Benane Bodher;349
Metouia;Benane Bodher;251
Moknine;Benane Bodher;13
Mateur;Benane Bodher;249
Mareth;Benane Bodher;303
Menzel Temime;Benane Bodher;187
Menzel Bourguiba;Benane Bodher;251
Menzel Hayet;Benane Bodher;30
Medenine;Benane Bodher;338
Mediaz El Bab;Benane Bodher;240
Meknassy;Benane Bodher;228
M'Dhilla;Benane Bodher;324
Nabeul;Benane Bodher;132
Nefta;Benane Bodher;426
Monastir;Benane Bodher;8
Mornaguia;Benane Bodher;197
Om Laraies;Benane Bodher;344
Ouedhref;Benane Bodher;247
Beja;Ben Guerdane;664
Chebba;Ben Guerdane;371
Dahmani;Ben Guerdane;472
Enfidha;Ben Guerdane;457
El Jem;Ben Guerdane;354
El Fahs;Ben Guerdane;453
Douz;Ben Guerdane;243
Ghar El Melh;Ben Guerdane;605
Ghardimaou;Ben Guerdane;546
Guettar;Ben Guerdane;274
Gromballia;Ben Guerdane;517
Feriana;Ben Guerdane;365
Gafsa;Ben Guerdane;296
Gabes;Ben Guerdane;152
Gaafour;Ben Guerdane;475
Sidi Thabet;Ben Guerdane;576
Siliana;Ben Guerdane;438
Sidi Bou Ali;Ben Guerdane;434
Sidi Bouzid;Ben Guerdane;318
Tabarka;Ben Guerdane;592
Sousse;Ben Guerdane;419
Souk El Ahad;Ben Guerdane;277
Skhira;Ben Guerdane;203
Sers;Ben Guerdane;462
Sbeitla;Ben Guerdane;380
Sfax;Ben Guerdane;303
Tozeur;Ben Guerdane;354
Tunis;Ben Guerdane;550
Tajerouine;Ben Guerdane;483
Takelsa;Ben Guerdane;544
Agareb;Ben Guerdane;292
Testour;Ben Guerdane;518
Tela;Ben Guerdane;444
Tebourba;Ben Guerdane;588
Teboursouk;Ben Guerdane;489
Tataouine;Ben Guerdane;90
Zarzis;Ben Guerdane;52
Zaghouan;Ben Guerdane;509
Zeramdine;Ben Guerdane;392
Zriba;Ben Guerdane;493
Alia;Ben Guerdane;605
Metlaoui;Ben Guerdane;334
Metouia;Ben Guerdane;163
Moknine;Ben Guerdane;409
Mateur;Ben Guerdane;619
Mareth;Ben Guerdane;111
Menzel Temime;Ben Guerdane;558
Menzel Bourguiba;Ben Guerdane;622
Menzel Hayet;Ben Guerdane;383
Medenine;Ben Guerdane;80
Mediaz El Bab;Ben Guerdane;499
Meknassy;Ben Guerdane;261
M'Dhilla;Ben Guerdane;303
Nabeul;Ben Guerdane;503
Nefta;Ben Guerdane;378
Monastir;Ben Guerdane;413
Mornaguia;Ben Guerdane;567
Om Laraies;Ben Guerdane;365
Ouedhref;Ben Guerdane;167
Chebba;Beja;342
Dahmani;Beja;127
Enfidha;Beja;152
El Jem;Beja;307
El Fahs;Beja;92
Douz;Beja;470
Ghar El Melh;Beja;114
Ghardimaou;Beja;83
Guettar;Beja;351
Gromballia;Beja;147
Feriana;Beja;261
Gafsa;Beja;330
Gabes;Beja;403
Gaafour;Beja;78
Sidi Thabet;Beja;118
Siliana;Beja;101
Sidi Bou Ali;Beja;226
Sidi Bouzid;Beja;258
Tabarka;Beja;76
Sousse;Beja;251
Souk El Ahad;Beja;448
Skhira;Beja;343
Sers;Beja;113
Sbeitla;Beja;216
Sfax;Beja;372
Tozeur;Beja;422
Tunis;Beja;116
Tajerouine;Beja;135
Takelsa;Beja;159
Agareb;Beja;385
Testour;Beja;52
Tela;Beja;174
Tebourba;Beja;77
Teboursouk;Beja;49
Tataouine;Beja;522
Zarzis;Beja;536
Zaghouan;Beja;129
Zeramdine;Beja;287
Zriba;Beja;139
Alia;Beja;104
Metlaoui;Beja;369
Metouia;Beja;387
Moknine;Beja;301
Mateur;Beja;64
Mareth;Beja;439
Menzel Temime;Beja;216
Menzel Bourguiba;Beja;83
Menzel Hayet;Beja;279
Medenine;Beja;473
Mediaz El Bab;Beja;45
Meknassy;Beja;315
M'Dhilla;Beja;350
Nabeul;Beja;176
Nefta;Beja;446
Monastir;Beja;279
Mornaguia;Beja;94
Om Laraies;Beja;337
Ouedhref;Beja;382
Dahmani;Chebba;289
Enfidha;Chebba;141
El Jem;Chebba;56
El Fahs;Chebba;201
Douz;Chebba;359
Ghar El Melh;Chebba;289
Ghardimaou;Chebba;421
Guettar;Chebba;306
Gromballia;Chebba;201
Feriana;Chebba;284
Gafsa;Chebba;274
Gabes;Chebba;230
Gaafour;Chebba;258
Sidi Thabet;Chebba;261
Siliana;Chebba;233
Sidi Bou Ali;Chebba;118
Sidi Bouzid;Chebba;179
Tabarka;Chebba;421
Sousse;Chebba;90
Souk El Ahad;Chebba;346
Skhira;Chebba;171
Sers;Chebba;272
Sbeitla;Chebba;211
Sfax;Chebba;68
Tozeur;Chebba;365
Tunis;Chebba;234
Tajerouine;Chebba;323
Takelsa;Chebba;228
Agareb;Chebba;96
Testour;Chebba;313
Tela;Chebba;275
Tebourba;Chebba;272
Teboursouk;Chebba;268
Tataouine;Chebba;349
Zarzis;Chebba;363
Zaghouan;Chebba;193
Zeramdine;Chebba;60
Zriba;Chebba;177
Alia;Chebba;289
Metlaoui;Chebba;312
Metouia;Chebba;213
Moknine;Chebba;55
Mateur;Chebba;303
Mareth;Chebba;266
Menzel Temime;Chebba;242
Menzel Bourguiba;Chebba;306
Menzel Hayet;Chebba;72
Medenine;Chebba;300
Mediaz El Bab;Chebba;294
Meknassy;Chebba;190
M'Dhilla;Chebba;286
Nabeul;Chebba;187
Nefta;Chebba;389
Monastir;Chebba;73
Mornaguia;Chebba;251
Om Laraies;Chebba;343
Ouedhref;Chebba;209
Enfidha;Dahmani;191
El Jem;Dahmani;228
El Fahs;Dahmani;132
Douz;Dahmani;360
Ghar El Melh;Dahmani;220
Ghardimaou;Dahmani;99
Guettar;Dahmani;242
Gromballia;Dahmani;216
Feriana;Dahmani;151
Gafsa;Dahmani;221
Gabes;Dahmani;331
Gaafour;Dahmani;70
Sidi Thabet;Dahmani;186
Siliana;Dahmani;65
Sidi Bou Ali;Dahmani;211
Sidi Bouzid;Dahmani;135
Tabarka;Dahmani;145
Sousse;Dahmani;213
Souk El Ahad;Dahmani;338
Skhira;Dahmani;271
Sers;Dahmani;28
Sbeitla;Dahmani;93
Sfax;Dahmani;258
Tozeur;Dahmani;313
Tunis;Dahmani;184
Tajerouine;Dahmani;35
Takelsa;Dahmani;228
Agareb;Dahmani;248
Testour;Dahmani;98
Tela;Dahmani;65
Tebourba;Dahmani;151
Teboursouk;Dahmani;77
Tataouine;Dahmani;451
Zarzis;Dahmani;465
Zaghouan;Dahmani;156
Zeramdine;Dahmani;233
Zriba;Dahmani;166
Alia;Dahmani;219
Metlaoui;Dahmani;259
Metouia;Dahmani;315
Moknine;Dahmani;247
Mateur;Dahmani;194
Mareth;Dahmani;367
Menzel Temime;Dahmani;263
Menzel Bourguiba;Dahmani;214
Menzel Hayet;Dahmani;225
Medenine;Dahmani;402
Mediaz El Bab;Dahmani;118
Meknassy;Dahmani;192
M'Dhilla;Dahmani;240
Nabeul;Dahmani;208
Nefta;Dahmani;337
Monastir;Dahmani;234
Mornaguia;Dahmani;162
Om Laraies;Dahmani;227
Ouedhref;Dahmani;311
El Jem;Enfidha;105
El Fahs;Enfidha;61
Douz;Enfidha;445
Ghar El Melh;Enfidha;153
Ghardimaou;Enfidha;285
Guettar;Enfidha;392
Gromballia;Enfidha;64
Feriana;Enfidha;240
Gafsa;Enfidha;261
Gabes;Enfidha;316
Gaafour;Enfidha;118
Sidi Thabet;Enfidha;124
Siliana;Enfidha;126
Sidi Bou Ali;Enfidha;21
Sidi Bouzid;Enfidha;177
Tabarka;Enfidha;284
Sousse;Enfidha;49
Souk El Ahad;Enfidha;432
Skhira;Enfidha;257
Sers;Enfidha;164
Sbeitla;Enfidha;166
Sfax;Enfidha;170
Tozeur;Enfidha;353
Tunis;Enfidha;98
Tajerouine;Enfidha;225
Takelsa;Enfidha;92
Agareb;Enfidha;183
Testour;Enfidha;126
Tela;Enfidha;237
Tebourba;Enfidha;136
Teboursouk;Enfidha;128
Tataouine;Enfidha;436
Zarzis;Enfidha;450
Zaghouan;Enfidha;45
Zeramdine;Enfidha;85
Zriba;Enfidha;37
Alia;Enfidha;152
Metlaoui;Enfidha;299
Metouia;Enfidha;300
Moknine;Enfidha;99
Mateur;Enfidha;167
Mareth;Enfidha;352
Menzel Temime;Enfidha;106
Menzel Bourguiba;Enfidha;169
Menzel Hayet;Enfidha;77
Medenine;Enfidha;387
Mediaz El Bab;Enfidha;107
Meknassy;Enfidha;277
M'Dhilla;Enfidha;274
Nabeul;Enfidha;51
Nefta;Enfidha;377
Monastir;Enfidha;77
Mornaguia;Enfidha;115
Om Laraies;Enfidha;316
Ouedhref;Enfidha;296
El Fahs;El Jem;166
Douz;El Jem;342
Ghar El Melh;El Jem;254
Ghardimaou;El Jem;385
Guettar;El Jem;289
Gromballia;El Jem;165
Feriana;El Jem;253
Gafsa;El Jem;257
Gabes;El Jem;213
Gaafour;El Jem;223
Sidi Thabet;El Jem;225
Siliana;El Jem;198
Sidi Bou Ali;El Jem;82
Sidi Bouzid;El Jem;147
Tabarka;El Jem;385
Sousse;El Jem;67
Souk El Ahad;El Jem;329
Skhira;El Jem;154
Sers;El Jem;211
Sbeitla;El Jem;179
Sfax;El Jem;64
Tozeur;El Jem;349
Tunis;El Jem;199
Tajerouine;El Jem;262
Takelsa;El Jem;193
Agareb;El Jem;80
Testour;El Jem;278
Tela;El Jem;243
Tebourba;El Jem;237
Teboursouk;El Jem;232
Tataouine;El Jem;333
Zarzis;El Jem;347
Zaghouan;El Jem;157
Zeramdine;El Jem;38
Zriba;El Jem;142
Alia;El Jem;253
Metlaoui;El Jem;295
Metouia;El Jem;197
Moknine;El Jem;56
Mateur;El Jem;268
Mareth;El Jem;249
Menzel Temime;El Jem;206
Menzel Bourguiba;El Jem;270
Menzel Hayet;El Jem;29
Medenine;El Jem;284
Mediaz El Bab;El Jem;259
Meknassy;El Jem;174
M'Dhilla;El Jem;270
Nabeul;El Jem;152
Nefta;El Jem;372
Monastir;El Jem;60
Mornaguia;El Jem;216
Om Laraies;El Jem;327
Ouedhref;El Jem;192
Douz;El Fahs;441
Ghar El Melh;El Fahs;114
Ghardimaou;El Fahs;175
Guettar;El Fahs;295
Gromballia;El Fahs;85
Feriana;El Fahs;254
Gafsa;El Fahs;281
Gabes;El Fahs;312
Gaafour;El Fahs;59
Sidi Thabet;El Fahs;85
Siliana;El Fahs;68
Sidi Bou Ali;El Fahs;82
Sidi Bouzid;El Fahs;197
Tabarka;El Fahs;175
Sousse;El Fahs;109
Souk El Ahad;El Fahs;428
Skhira;El Fahs;252
Sers;El Fahs;106
Sbeitla;El Fahs;186
Sfax;El Fahs;230
Tozeur;El Fahs;373
Tunis;El Fahs;63
Tajerouine;El Fahs;166
Takelsa;El Fahs;97
Agareb;El Fahs;243
Testour;El Fahs;66
Tela;El Fahs;179
Tebourba;El Fahs;64
Teboursouk;El Fahs;69
Tataouine;El Fahs;432
Zarzis;El Fahs;445
Zaghouan;El Fahs;25
Zeramdine;El Fahs;145
Zriba;El Fahs;35
Alia;El Fahs;114
Metlaoui;El Fahs;319
Metouia;El Fahs;296
Moknine;El Fahs;159
Mateur;El Fahs;97
Mareth;El Fahs;348
Menzel Temime;El Fahs;132
Menzel Bourguiba;El Fahs;130
Menzel Hayet;El Fahs;137
Medenine;El Fahs;382
Mediaz El Bab;El Fahs;47
Meknassy;El Fahs;255
M'Dhilla;El Fahs;294
Nabeul;El Fahs;77
Nefta;El Fahs;396
Monastir;El Fahs;137
Mornaguia;El Fahs;55
Om Laraies;El Fahs;330
Ouedhref;El Fahs;291
Ghar El Melh;Douz;594
Ghardimaou;Douz;434
Guettar;Douz;119
Gromballia;Douz;506
Feriana;Douz;210
Gafsa;Douz;140
Gabes;Douz;147
Gaafour;Douz;418
Sidi Thabet;Douz;565
Siliana;Douz;363
Sidi Bou Ali;Douz;422
Sidi Bouzid;Douz;234
Tabarka;Douz;487
Sousse;Douz;408
Souk El Ahad;Douz;45
Skhira;Douz;189
Sers;Douz;375
Sbeitla;Douz;259
Sfax;Douz;292
Tozeur;Douz;122
Tunis;Douz;539
Tajerouine;Douz;334
Takelsa;Douz;533
Agareb;Douz;281
Testour;Douz;457
Tela;Douz;295
Tebourba;Douz;577
Teboursouk;Douz;436
Tataouine;Douz;212
Zarzis;Douz;231
Zaghouan;Douz;498
Zeramdine;Douz;381
Zriba;Douz;482
Alia;Douz;594
Metlaoui;Douz;148
Metouia;Douz;149
Moknine;Douz;398
Mateur;Douz;608
Mareth;Douz;151
Menzel Temime;Douz;547
Menzel Bourguiba;Douz;611
Menzel Hayet;Douz;372
Medenine;Douz;163
Mediaz El Bab;Douz;488
Meknassy;Douz;177
M'Dhilla;Douz;147
Nabeul;Douz;492
Nefta;Douz;146
Monastir;Douz;402
Mornaguia;Douz;556
Om Laraies;Douz;179
Ouedhref;Douz;147
Ghardimaou;Ghar El Melh;196
Guettar;Ghar El Melh;406
Gromballia;Ghar El Melh;94
Feriana;Ghar El Melh;365
Gafsa;Ghar El Melh;392
Gabes;Ghar El Melh;465
Gaafour;Ghar El Melh;157
Sidi Thabet;Ghar El Melh;36
Siliana;Ghar El Melh;179
Sidi Bou Ali;Ghar El Melh;172
Sidi Bouzid;Ghar El Melh;308
Tabarka;Ghar El Melh;158
Sousse;Ghar El Melh;198
Souk El Ahad;Ghar El Melh;581
Skhira;Ghar El Melh;406
Sers;Ghar El Melh;206
Sbeitla;Ghar El Melh;297
Sfax;Ghar El Melh;319
Tozeur;Ghar El Melh;484
Tunis;Ghar El Melh;60
Tajerouine;Ghar El Melh;245
Takelsa;Ghar El Melh;103
Agareb;Ghar El Melh;331
Testour;Ghar El Melh;122
Tela;Ghar El Melh;284
Tebourba;Ghar El Melh;49
Teboursouk;Ghar El Melh;145
Tataouine;Ghar El Melh;584
Zarzis;Ghar El Melh;598
Zaghouan;Ghar El Melh;105
Zeramdine;Ghar El Melh;234
Zriba;Ghar El Melh;114
Alia;Ghar El Melh;11
Metlaoui;Ghar El Melh;430
Metouia;Ghar El Melh;449
Moknine;Ghar El Melh;247
Mateur;Ghar El Melh;51
Mareth;Ghar El Melh;501
Menzel Temime;Ghar El Melh;163
Menzel Bourguiba;Ghar El Melh;35
Menzel Hayet;Ghar El Melh;225
Medenine;Ghar El Melh;535
Mediaz El Bab;Ghar El Melh;104
Meknassy;Ghar El Melh;426
M'Dhilla;Ghar El Melh;405
Nabeul;Ghar El Melh;122
Nefta;Ghar El Melh;508
Monastir;Ghar El Melh;226
Mornaguia;Ghar El Melh;60
Om Laraies;Ghar El Melh;441
Ouedhref;Ghar El Melh;444
Guettar;Ghardimaou;315
Gromballia;Ghardimaou;226
Feriana;Ghardimaou;225
Gafsa;Ghardimaou;294
Gabes;Ghardimaou;405
Gaafour;Ghardimaou;106
Sidi Thabet;Ghardimaou;196
Siliana;Ghardimaou;122
Sidi Bou Ali;Ghardimaou;304
Sidi Bouzid;Ghardimaou;230
Tabarka;Ghardimaou;100
Sousse;Ghardimaou;330
Souk El Ahad;Ghardimaou;412
Skhira;Ghardimaou;344
Sers;Ghardimaou;85
Sbeitla;Ghardimaou;187
Sfax;Ghardimaou;334
Tozeur;Ghardimaou;387
Tunis;Ghardimaou;195
Tajerouine;Ghardimaou;100
Takelsa;Ghardimaou;238
Agareb;Ghardimaou;333
Testour;Ghardimaou;131
Tela;Ghardimaou;138
Tebourba;Ghardimaou;156
Teboursouk;Ghardimaou;91
Tataouine;Ghardimaou;524
Zarzis;Ghardimaou;538
Zaghouan;Ghardimaou;208
Zeramdine;Ghardimaou;366
Zriba;Ghardimaou;217
Alia;Ghardimaou;190
Metlaoui;Ghardimaou;333
Metouia;Ghardimaou;388
Moknine;Ghardimaou;379
Mateur;Ghardimaou;150
Mareth;Ghardimaou;440
Menzel Temime;Ghardimaou;295
Menzel Bourguiba;Ghardimaou;169
Menzel Hayet;Ghardimaou;357
Medenine;Ghardimaou;475
Mediaz El Bab;Ghardimaou;124
Meknassy;Ghardimaou;287
M'Dhilla;Ghardimaou;314
Nabeul;Ghardimaou;254
Nefta;Ghardimaou;410
Monastir;Ghardimaou;358
Mornaguia;Ghardimaou;172
Om Laraies;Ghardimaou;301
Ouedhref;Ghardimaou;384
Gromballia;Guettar;339
Feriana;Guettar;91
Gafsa;Guettar;22
Gabes;Guettar;133
Gaafour;Guettar;299
Sidi Thabet;Guettar;379
Siliana;Guettar;245
Sidi Bou Ali;Guettar;289
Sidi Bouzid;Guettar;116
Tabarka;Guettar;368
Sousse;Guettar;273
Souk El Ahad;Guettar;97
Skhira;Guettar;135
Sers;Guettar;257
Sbeitla;Guettar;141
Sfax;Guettar;239
Tozeur;Guettar;113
Tunis;Guettar;357
Tajerouine;Guettar;216
Takelsa;Guettar;367
Agareb;Guettar;171
Testour;Guettar;339
Tela;Guettar;177
Tebourba;Guettar;358
Teboursouk;Guettar;317
Tataouine;Guettar;253
Zarzis;Guettar;266
Zaghouan;Guettar;311
Zeramdine;Guettar;327
Zriba;Guettar;311
Alia;Guettar;408
Metlaoui;Guettar;60
Metouia;Guettar;115
Moknine;Guettar;345
Mateur;Guettar;391
Mareth;Guettar;169
Menzel Temime;Guettar;380
Menzel Bourguiba;Guettar;425
Menzel Hayet;Guettar;318
Medenine;Guettar;203
Mediaz El Bab;Guettar;341
Meknassy;Guettar;84
M'Dhilla;Guettar;29
Nabeul;Guettar;325
Nefta;Guettar;137
Monastir;Guettar;295
Mornaguia;Guettar;349
Om Laraies;Guettar;91
Ouedhref;Guettar;111
Feriana;Gromballia;336
Gafsa;Gromballia;358
Gabes;Gromballia;375
Gaafour;Gromballia;152
Sidi Thabet;Gromballia;65
Siliana;Gromballia;152
Sidi Bou Ali;Gromballia;82
Sidi Bouzid;Gromballia;264
Tabarka;Gromballia;225
Sousse;Gromballia;108
Souk El Ahad;Gromballia;491
Skhira;Gromballia;316
Sers;Gromballia;190
Sbeitla;Gromballia;263
Sfax;Gromballia;229
Tozeur;Gromballia;449
Tunis;Gromballia;39
Tajerouine;Gromballia;240
Takelsa;Gromballia;28
Agareb;Gromballia;242
Testour;Gromballia;117
Tela;Gromballia;263
Tebourba;Gromballia;77
Teboursouk;Gromballia;140
Tataouine;Gromballia;495
Zarzis;Gromballia;509
Zaghouan;Gromballia;66
Zeramdine;Gromballia;144
Zriba;Gromballia;65
Alia;Gromballia;93
Metlaoui;Gromballia;396
Metouia;Gromballia;359
Moknine;Gromballia;158
Mateur;Gromballia;108
Mareth;Gromballia;411
Menzel Temime;Gromballia;62
Menzel Bourguiba;Gromballia;110
Menzel Hayet;Gromballia;136
Medenine;Gromballia;446
Mediaz El Bab;Gromballia;99
Meknassy;Gromballia;336
M'Dhilla;Gromballia;370
Nabeul;Gromballia;32
Nefta;Gromballia;473
Monastir;Gromballia;136
Mornaguia;Gromballia;56
Om Laraies;Gromballia;412
Ouedhref;Gromballia;355
Gafsa;Feriana;70
Gabes;Feriana;224
Gaafour;Feriana;209
Sidi Thabet;Feriana;338
Siliana;Feriana;186
Sidi Bou Ali;Feriana;253
Sidi Bouzid;Feriana;116
Tabarka;Feriana;278
Sousse;Feriana;238
Souk El Ahad;Feriana;188
Skhira;Feriana;213
Sers;Feriana;167
Sbeitla;Feriana;74
Sfax;Feriana;239
Tozeur;Feriana;163
Tunis;Feriana;316
Tajerouine;Feriana;126
Takelsa;Feriana;331
Agareb;Feriana;229
Testour;Feriana;248
Tela;Feriana;86
Tebourba;Feriana;301
Teboursouk;Feriana;227
Tataouine;Feriana;344
Zarzis;Feriana;358
Zaghouan;Feriana;278
Zeramdine;Feriana;258
Zriba;Feriana;275
Alia;Feriana;366
Metlaoui;Feriana;109
Metouia;Feriana;206
Moknine;Feriana;272
Mateur;Feriana;328
Mareth;Feriana;260
Menzel Temime;Feriana;345
Menzel Bourguiba;Feriana;347
Menzel Hayet;Feriana;250
Medenine;Feriana;295
Mediaz El Bab;Feriana;268
Meknassy;Feriana;149
M'Dhilla;Feriana;90
Nabeul;Feriana;290
Nefta;Feriana;186
Monastir;Feriana;259
Mornaguia;Feriana;312
Om Laraies;Feriana;77
Ouedhref;Feriana;202
Gabes;Gafsa;155
Gaafour;Gafsa;278
Sidi Thabet;Gafsa;365
Siliana;Gafsa;231
Sidi Bou Ali;Gafsa;274
Sidi Bouzid;Gafsa;102
Tabarka;Gafsa;348
Sousse;Gafsa;259
Souk El Ahad;Gafsa;118
Skhira;Gafsa;148
Sers;Gafsa;236
Sbeitla;Gafsa;126
Sfax;Gafsa;205
Tozeur;Gafsa;93
Tunis;Gafsa;343
Tajerouine;Gafsa;195
Takelsa;Gafsa;352
Agareb;Gafsa;180
Testour;Gafsa;318
Tela;Gafsa;156
Tebourba;Gafsa;343
Teboursouk;Gafsa;296
Tataouine;Gafsa;274
Zarzis;Gafsa;288
Zaghouan;Gafsa;297
Zeramdine;Gafsa;280
Zriba;Gafsa;296
Alia;Gafsa;393
Metlaoui;Gafsa;39
Metouia;Gafsa;137
Moknine;Gafsa;293
Mateur;Gafsa;377
Mareth;Gafsa;191
Menzel Temime;Gafsa;366
Menzel Bourguiba;Gafsa;410
Menzel Hayet;Gafsa;286
Medenine;Gafsa;225
Mediaz El Bab;Gafsa;327
Meknassy;Gafsa;84
M'Dhilla;Gafsa;20
Nabeul;Gafsa;311
Nefta;Gafsa;117
Monastir;Gafsa;281
Mornaguia;Gafsa;335
Om Laraies;Gafsa;71
Ouedhref;Gafsa;132
Gaafour;Gabes;335
Sidi Thabet;Gabes;437
Siliana;Gabes;299
Sidi Bou Ali;Gabes;294
Sidi Bouzid;Gabes;178
Tabarka;Gabes;452
Sousse;Gabes;279
Souk El Ahad;Gabes;135
Skhira;Gabes;52
Sers;Gabes;323
Sbeitla;Gabes;240
Sfax;Gabes;164
Tozeur;Gabes;211
Tunis;Gabes;411
Tajerouine;Gabes;344
Takelsa;Gabes;405
Agareb;Gabes;152
Testour;Gabes;379
Tela;Gabes;305
Tebourba;Gabes;448
Teboursouk;Gabes;350
Tataouine;Gabes;130
Zarzis;Gabes;144
Zaghouan;Gabes;369
Zeramdine;Gabes;252
Zriba;Gabes;353
Alia;Gabes;465
Metlaoui;Gabes;194
Metouia;Gabes;13
Moknine;Gabes;270
Mateur;Gabes;480
Mareth;Gabes;37
Menzel Temime;Gabes;418
Menzel Bourguiba;Gabes;482
Menzel Hayet;Gabes;243
Medenine;Gabes;81
Mediaz El Bab;Gabes;359
Meknassy;Gabes;122
M'Dhilla;Gabes;163
Nabeul;Gabes;363
Nefta;Gabes;235
Monastir;Gabes;274
Mornaguia;Gabes;428
Om Laraies;Gabes;226
Ouedhref;Gabes;17
Sidi Thabet;Gaafour;122
Siliana;Gaafour;37
Sidi Bou Ali;Gaafour;139
Sidi Bouzid;Gaafour;185
Tabarka;Gaafour;141
Sousse;Gaafour;166
Souk El Ahad;Gaafour;396
Skhira;Gaafour;273
Sers;Gaafour;55
Sbeitla;Gaafour;159
Sfax;Gaafour;288
Tozeur;Gaafour;371
Tunis;Gaafour;120
Tajerouine;Gaafour;102
Takelsa;Gaafour;164
Agareb;Gaafour;300
Testour;Gaafour;51
Tela;Gaafour;122
Tebourba;Gaafour;88
Teboursouk;Gaafour;30
Tataouine;Gaafour;453
Zarzis;Gaafour;467
Zaghouan;Gaafour;84
Zeramdine;Gaafour;203
Zriba;Gaafour;93
Alia;Gaafour;155
Metlaoui;Gaafour;317
Metouia;Gaafour;317
Moknine;Gaafour;216
Mateur;Gaafour;119
Mareth;Gaafour;369
Menzel Temime;Gaafour;221
Menzel Bourguiba;Gaafour;138
Menzel Hayet;Gaafour;194
Medenine;Gaafour;404
Mediaz El Bab;Gaafour;55
Meknassy;Gaafour;242
M'Dhilla;Gaafour;298
Nabeul;Gaafour;136
Nefta;Gaafour;394
Monastir;Gaafour;194
Mornaguia;Gaafour;98
Om Laraies;Gaafour;285
Ouedhref;Gaafour;313
Siliana;Sidi Thabet;149
Sidi Bou Ali;Sidi Thabet;143
Sidi Bouzid;Sidi Thabet;278
Tabarka;Sidi Thabet;167
Sousse;Sidi Thabet;169
Souk El Ahad;Sidi Thabet;552
Skhira;Sidi Thabet;377
Sers;Sidi Thabet;172
Sbeitla;Sidi Thabet;267
Sfax;Sidi Thabet;290
Tozeur;Sidi Thabet;454
Tunis;Sidi Thabet;31
Tajerouine;Sidi Thabet;211
Takelsa;Sidi Thabet;74
Agareb;Sidi Thabet;302
Testour;Sidi Thabet;88
Tela;Sidi Thabet;249
Tebourba;Sidi Thabet;30
Teboursouk;Sidi Thabet;111
Tataouine;Sidi Thabet;556
Zarzis;Sidi Thabet;569
Zaghouan;Sidi Thabet;75
Zeramdine;Sidi Thabet;205
Zriba;Sidi Thabet;84
Alia;Sidi Thabet;45
Metlaoui;Sidi Thabet;400
Metouia;Sidi Thabet;420
Moknine;Sidi Thabet;218
Mateur;Sidi Thabet;59
Mareth;Sidi Thabet;472
Menzel Temime;Sidi Thabet;134
Menzel Bourguiba;Sidi Thabet;62
Menzel Hayet;Sidi Thabet;196
Medenine;Sidi Thabet;507
Mediaz El Bab;Sidi Thabet;70
Meknassy;Sidi Thabet;397
M'Dhilla;Sidi Thabet;375
Nabeul;Sidi Thabet;93
Nefta;Sidi Thabet;478
Monastir;Sidi Thabet;197
Mornaguia;Sidi Thabet;26
Om Laraies;Sidi Thabet;411
Ouedhref;Sidi Thabet;415
Sidi Bou Ali;Siliana;147
Sidi Bouzid;Siliana;147
Tabarka;Siliana;168
Sousse;Siliana;157
Souk El Ahad;Siliana;373
Skhira;Siliana;237
Sers;Siliana;39
Sbeitla;Siliana;121
Sfax;Siliana;227
Tozeur;Siliana;348
Tunis;Siliana;130
Tajerouine;Siliana;99
Takelsa;Siliana;163
Agareb;Siliana;225
Testour;Siliana;74
Tela;Siliana;111
Tebourba;Siliana;130
Teboursouk;Siliana;52
Tataouine;Siliana;417
Zarzis;Siliana;430
Zaghouan;Siliana;92
Zeramdine;Siliana;177
Zriba;Siliana;101
Alia;Siliana;180
Metlaoui;Siliana;294
Metouia;Siliana;281
Moknine;Siliana;191
Mateur;Siliana;163
Mareth;Siliana;333
Menzel Temime;Siliana;199
Menzel Bourguiba;Siliana;197
Menzel Hayet;Siliana;169
Medenine;Siliana;367
Mediaz El Bab;Siliana;77
Meknassy;Siliana;204
M'Dhilla;Siliana;276
Nabeul;Siliana;144
Nefta;Siliana;372
Monastir;Siliana;178
Mornaguia;Siliana;121
Om Laraies;Siliana;262
Ouedhref;Siliana;276
Sidi Bouzid;Sidi Bou Ali;182
Tabarka;Sidi Bou Ali;303
Sousse;Sidi Bou Ali;26
Souk El Ahad;Sidi Bou Ali;409
Skhira;Sidi Bou Ali;234
Sers;Sidi Bou Ali;187
Sbeitla;Sidi Bou Ali;180
Sfax;Sidi Bou Ali;147
Tozeur;Sidi Bou Ali;367
Tunis;Sidi Bou Ali;116
Tajerouine;Sidi Bou Ali;247
Takelsa;Sidi Bou Ali;110
Agareb;Sidi Bou Ali;159
Testour;Sidi Bou Ali;195
Tela;Sidi Bou Ali;245
Tebourba;Sidi Bou Ali;154
Teboursouk;Sidi Bou Ali;150
Tataouine;Sidi Bou Ali;413
Zarzis;Sidi Bou Ali;426
Zaghouan;Sidi Bou Ali;75
Zeramdine;Sidi Bou Ali;62
Zriba;Sidi Bou Ali;59
Alia;Sidi Bou Ali;171
Metlaoui;Sidi Bou Ali;313
Metouia;Sidi Bou Ali;277
Moknine;Sidi Bou Ali;75
Mateur;Sidi Bou Ali;185
Mareth;Sidi Bou Ali;329
Menzel Temime;Sidi Bou Ali;124
Menzel Bourguiba;Sidi Bou Ali;188
Menzel Hayet;Sidi Bou Ali;53
Medenine;Sidi Bou Ali;363
Mediaz El Bab;Sidi Bou Ali;176
Meknassy;Sidi Bou Ali;254
M'Dhilla;Sidi Bou Ali;288
Nabeul;Sidi Bou Ali;69
Nefta;Sidi Bou Ali;391
Monastir;Sidi Bou Ali;54
Mornaguia;Sidi Bou Ali;133
Om Laraies;Sidi Bou Ali;330
Ouedhref;Sidi Bou Ali;272
Tabarka;Sidi Bouzid;275
Sousse;Sidi Bouzid;175
Souk El Ahad;Sidi Bouzid;213
Skhira;Sidi Bouzid;121
Sers;Sidi Bouzid;148
Sbeitla;Sidi Bouzid;42
Sfax;Sidi Bouzid;134
Tozeur;Sidi Bouzid;194
Tunis;Sidi Bouzid;259
Tajerouine;Sidi Bouzid;146
Takelsa;Sidi Bouzid;268
Agareb;Sidi Bouzid;124
Testour;Sidi Bouzid;229
Tela;Sidi Bouzid;107
Tebourba;Sidi Bouzid;260
Teboursouk;Sidi Bouzid;208
Tataouine;Sidi Bouzid;305
Zarzis;Sidi Bouzid;319
Zaghouan;Sidi Bouzid;213
Zeramdine;Sidi Bouzid;166
Zriba;Sidi Bouzid;213
Alia;Sidi Bouzid;310
Metlaoui;Sidi Bouzid;140
Metouia;Sidi Bouzid;169
Moknine;Sidi Bouzid;184
Mateur;Sidi Bouzid;293
Mareth;Sidi Bouzid;221
Menzel Temime;Sidi Bouzid;282
Menzel Bourguiba;Sidi Bouzid;326
Menzel Hayet;Sidi Bouzid;157
Medenine;Sidi Bouzid;256
Mediaz El Bab;Sidi Bouzid;243
Meknassy;Sidi Bouzid;57
M'Dhilla;Sidi Bouzid;115
Nabeul;Sidi Bouzid;227
Nefta;Sidi Bouzid;217
Monastir;Sidi Bouzid;197
Mornaguia;Sidi Bouzid;251
Om Laraies;Sidi Bouzid;172
Ouedhref;Sidi Bouzid;165
Sousse;Tabarka;351
Souk El Ahad;Tabarka;465
Skhira;Tabarka;390
Sers;Tabarka;130
Sbeitla;Tabarka;233
Sfax;Tabarka;472
Tozeur;Tabarka;439
Tunis;Tabarka;215
Tajerouine;Tabarka;152
Takelsa;Tabarka;259
Agareb;Tabarka;484
Testour;Tabarka;152
Tela;Tabarka;191
Tebourba;Tabarka;141
Teboursouk;Tabarka;117
Tataouine;Tabarka;569
Zarzis;Tabarka;583
Zaghouan;Tabarka;229
Zeramdine;Tabarka;387
Zriba;Tabarka;238
Alia;Tabarka;148
Metlaoui;Tabarka;385
Metouia;Tabarka;434
Moknine;Tabarka;400
Mateur;Tabarka;108
Mareth;Tabarka;486
Menzel Temime;Tabarka;316
Menzel Bourguiba;Tabarka;128
Menzel Hayet;Tabarka;378
Medenine;Tabarka;520
Mediaz El Bab;Tabarka;144
Meknassy;Tabarka;332
M'Dhilla;Tabarka;367
Nabeul;Tabarka;275
Nefta;Tabarka;463
Monastir;Tabarka;378
Mornaguia;Tabarka;193
Om Laraies;Tabarka;353
Ouedhref;Tabarka;429
Souk El Ahad;Sousse;394
Skhira;Sousse;219
Sers;Sousse;196
Sbeitla;Sousse;164
Sfax;Sousse;132
Tozeur;Sousse;351
Tunis;Sousse;143
Tajerouine;Sousse;247
Takelsa;Sousse;137
Agareb;Sousse;144
Testour;Sousse;221
Tela;Sousse;228
Tebourba;Sousse;180
Teboursouk;Sousse;176
Tataouine;Sousse;397
Zarzis;Sousse;411
Zaghouan;Sousse;101
Zeramdine;Sousse;38
Zriba;Sousse;85
Alia;Sousse;197
Metlaoui;Sousse;297
Metouia;Sousse;261
Moknine;Sousse;48
Mateur;Sousse;212
Mareth;Sousse;314
Menzel Temime;Sousse;150
Menzel Bourguiba;Sousse;214
Menzel Hayet;Sousse;35
Medenine;Sousse;348
Mediaz El Bab;Sousse;203
Meknassy;Sousse;238
M'Dhilla;Sousse;272
Nabeul;Sousse;95
Nefta;Sousse;374
Monastir;Sousse;26
Mornaguia;Sousse;160
Om Laraies;Sousse;314
Ouedhref;Sousse;257
Skhira;Souk El Ahad;176
Sers;Souk El Ahad;353
Sbeitla;Souk El Ahad;236
Sfax;Souk El Ahad;279
Tozeur;Souk El Ahad;77
Tunis;Souk El Ahad;526
Tajerouine;Souk El Ahad;312
Takelsa;Souk El Ahad;520
Agareb;Souk El Ahad;268
Testour;Souk El Ahad;435
Tela;Souk El Ahad;273
Tebourba;Souk El Ahad;564
Teboursouk;Souk El Ahad;413
Tataouine;Souk El Ahad;256
Zarzis;Souk El Ahad;270
Zaghouan;Souk El Ahad;485
Zeramdine;Souk El Ahad;368
Zriba;Souk El Ahad;469
Alia;Souk El Ahad;581
Metlaoui;Souk El Ahad;103
Metouia;Souk El Ahad;136
Moknine;Souk El Ahad;385
Mateur;Souk El Ahad;595
Mareth;Souk El Ahad;170
Menzel Temime;Souk El Ahad;534
Menzel Bourguiba;Souk El Ahad;598
Menzel Hayet;Souk El Ahad;359
Medenine;Souk El Ahad;207
Mediaz El Bab;Souk El Ahad;475
Meknassy;Souk El Ahad;155
M'Dhilla;Souk El Ahad;125
Nabeul;Souk El Ahad;479
Nefta;Souk El Ahad;101
Monastir;Souk El Ahad;389
Mornaguia;Souk El Ahad;543
Om Laraies;Souk El Ahad;134
Ouedhref;Souk El Ahad;135
Sers;Skhira;261
Sbeitla;Skhira;179
Sfax;Skhira;104
Tozeur;Skhira;253
Tunis;Skhira;351
Tajerouine;Skhira;282
Takelsa;Skhira;345
Agareb;Skhira;92
Testour;Skhira;317
Tela;Skhira;243
Tebourba;Skhira;388
Teboursouk;Skhira;288
Tataouine;Skhira;182
Zarzis;Skhira;195
Zaghouan;Skhira;309
Zeramdine;Skhira;192
Zriba;Skhira;293
Alia;Skhira;405
Metlaoui;Skhira;185
Metouia;Skhira;42
Moknine;Skhira;210
Mateur;Skhira;420
Mareth;Skhira;93
Menzel Temime;Skhira;358
Menzel Bourguiba;Skhira;422
Menzel Hayet;Skhira;183
Medenine;Skhira;133
Mediaz El Bab;Skhira;298
Meknassy;Skhira;64
M'Dhilla;Skhira;160
Nabeul;Skhira;303
Nefta;Skhira;276
Monastir;Skhira;214
Mornaguia;Skhira;368
Om Laraies;Skhira;217
Ouedhref;Skhira;40
Sbeitla;Sers;123
Sfax;Sers;251
Tozeur;Sers;328
Tunis;Sers;168
Tajerouine;Sers;62
Takelsa;Sers;202
Agareb;Sers;249
Testour;Sers;84
Tela;Sers;80
Tebourba;Sers;136
Teboursouk;Sers;63
Tataouine;Sers;441
Zarzis;Sers;455
Zaghouan;Sers;130
Zeramdine;Sers;216
Zriba;Sers;139
Alia;Sers;205
Metlaoui;Sers;275
Metouia;Sers;305
Moknine;Sers;230
Mateur;Sers;180
Mareth;Sers;357
Menzel Temime;Sers;237
Menzel Bourguiba;Sers;199
Menzel Hayet;Sers;208
Medenine;Sers;392
Mediaz El Bab;Sers;104
Meknassy;Sers;205
M'Dhilla;Sers;256
Nabeul;Sers;182
Nefta;Sers;352
Monastir;Sers;217
Mornaguia;Sers;148
Om Laraies;Sers;242
Ouedhref;Sers;301
Sfax;Sbeitla;166
Tozeur;Sbeitla;207
Tunis;Sbeitla;251
Tajerouine;Sbeitla;104
Takelsa;Sbeitla;257
Agareb;Sbeitla;156
Testour;Sbeitla;187
Tela;Sbeitla;64
Tebourba;Sbeitla;251
Teboursouk;Sbeitla;165
Tataouine;Sbeitla;358
Zarzis;Sbeitla;372
Zaghouan;Sbeitla;213
Zeramdine;Sbeitla;185
Zriba;Sbeitla;201
Alia;Sbeitla;301
Metlaoui;Sbeitla;153
Metouia;Sbeitla;223
Moknine;Sbeitla;198
Mateur;Sbeitla;284
Mareth;Sbeitla;275
Menzel Temime;Sbeitla;271
Menzel Bourguiba;Sbeitla;318
Menzel Hayet;Sbeitla;176
Medenine;Sbeitla;309
Mediaz El Bab;Sbeitla;199
Meknassy;Sbeitla;100
M'Dhilla;Sbeitla;128
Nabeul;Sbeitla;216
Nefta;Sbeitla;231
Monastir;Sbeitla;185
Mornaguia;Sbeitla;242
Om Laraies;Sbeitla;150
Ouedhref;Sbeitla;218
Tozeur;Sfax;296
Tunis;Sfax;265
Tajerouine;Sfax;269
Takelsa;Sfax;259
Agareb;Sfax;27
Testour;Sfax;344
Tela;Sfax;230
Tebourba;Sfax;303
Teboursouk;Sfax;298
Tataouine;Sfax;282
Zarzis;Sfax;296
Zaghouan;Sfax;223
Zeramdine;Sfax;106
Zriba;Sfax;208
Alia;Sfax;319
Metlaoui;Sfax;243
Metouia;Sfax;146
Moknine;Sfax;124
Mateur;Sfax;334
Mareth;Sfax;198
Menzel Temime;Sfax;272
Menzel Bourguiba;Sfax;336
Menzel Hayet;Sfax;97
Medenine;Sfax;233
Mediaz El Bab;Sfax;325
Meknassy;Sfax;122
M'Dhilla;Sfax;217
Nabeul;Sfax;217
Nefta;Sfax;320
Monastir;Sfax;128
Mornaguia;Sfax;282
Om Laraies;Sfax;274
Ouedhref;Sfax;142
Tunis;Tozeur;434
Tajerouine;Tozeur;286
Takelsa;Tozeur;443
Agareb;Tozeur;271
Testour;Tozeur;409
Tela;Tozeur;247
Tebourba;Tozeur;434
Teboursouk;Tozeur;388
Tataouine;Tozeur;333
Zarzis;Tozeur;346
Zaghouan;Tozeur;388
Zeramdine;Tozeur;371
Zriba;Tozeur;387
Alia;Tozeur;484
Metlaoui;Tozeur;54
Metouia;Tozeur;213
Moknine;Tozeur;384
Mateur;Tozeur;467
Mareth;Tozeur;247
Menzel Temime;Tozeur;457
Menzel Bourguiba;Tozeur;501
Menzel Hayet;Tozeur;377
Medenine;Tozeur;284
Mediaz El Bab;Tozeur;418
Meknassy;Tozeur;174
M'Dhilla;Tozeur;92
Nabeul;Tozeur;402
Nefta;Tozeur;24
Monastir;Tozeur;371
Mornaguia;Tozeur;425
Om Laraies;Tozeur;86
Ouedhref;Tozeur;211
Tajerouine;Tunis;209
Takelsa;Tunis;46
Agareb;Tunis;277
Testour;Tunis;86
Tela;Tunis;240
Tebourba;Tunis;44
Teboursouk;Tunis;108
Tataouine;Tunis;530
Zarzis;Tunis;544
Zaghouan;Tunis;55
Zeramdine;Tunis;179
Zriba;Tunis;64
Alia;Tunis;59
Metlaoui;Tunis;380
Metouia;Tunis;394
Moknine;Tunis;193
Mateur;Tunis;75
Mareth;Tunis;446
Menzel Temime;Tunis;83
Menzel Bourguiba;Tunis;76
Menzel Hayet;Tunis;171
Medenine;Tunis;481
Mediaz El Bab;Tunis;67
Meknassy;Tunis;371
M'Dhilla;Tunis;355
Nabeul;Tunis;67
Nefta;Tunis;457
Monastir;Tunis;171
Mornaguia;Tunis;24
Om Laraies;Tunis;391
Ouedhref;Tunis;390
Takelsa;Tajerouine;253
Agareb;Tajerouine;259
Testour;Tajerouine;123
Tela;Tajerouine;39
Tebourba;Tajerouine;176
Teboursouk;Tajerouine;102
Tataouine;Tajerouine;462
Zarzis;Tajerouine;476
Zaghouan;Tajerouine;191
Zeramdine;Tajerouine;267
Zriba;Tajerouine;200
Alia;Tajerouine;244
Metlaoui;Tajerouine;233
Metouia;Tajerouine;326
Moknine;Tajerouine;281
Mateur;Tajerouine;203
Mareth;Tajerouine;378
Menzel Temime;Tajerouine;310
Menzel Bourguiba;Tajerouine;222
Menzel Hayet;Tajerouine;259
Medenine;Tajerouine;413
Mediaz El Bab;Tajerouine;143
Meknassy;Tajerouine;203
M'Dhilla;Tajerouine;215
Nabeul;Tajerouine;269
Nefta;Tajerouine;311
Monastir;Tajerouine;268
Mornaguia;Tajerouine;187
Om Laraies;Tajerouine;201
Ouedhref;Tajerouine;321
Agareb;Takelsa;269
Testour;Takelsa;128
Tela;Takelsa;274
Tebourba;Takelsa;85
Teboursouk;Takelsa;151
Tataouine;Takelsa;523
Zarzis;Takelsa;536
Zaghouan;Takelsa;82
Zeramdine;Takelsa;172
Zriba;Takelsa;93
Alia;Takelsa;102
Metlaoui;Takelsa;423
Metouia;Takelsa;387
Moknine;Takelsa;185
Mateur;Takelsa;116
Mareth;Takelsa;439
Menzel Temime;Takelsa;49
Menzel Bourguiba;Takelsa;119
Menzel Hayet;Takelsa;163
Medenine;Takelsa;474
Mediaz El Bab;Takelsa;110
Meknassy;Takelsa;364
M'Dhilla;Takelsa;398
Nabeul;Takelsa;60
Nefta;Takelsa;501
Monastir;Takelsa;164
Mornaguia;Takelsa;67
Om Laraies;Takelsa;440
Ouedhref;Takelsa;382
Testour;Agareb;355
Tela;Agareb;220
Tebourba;Agareb;314
Teboursouk;Agareb;310
Tataouine;Agareb;271
Zarzis;Agareb;285
Zaghouan;Agareb;235
Zeramdine;Agareb;118
Zriba;Agareb;219
Alia;Agareb;331
Metlaoui;Agareb;218
Metouia;Agareb;135
Moknine;Agareb;136
Mateur;Agareb;346
Mareth;Agareb;187
Menzel Temime;Agareb;284
Menzel Bourguiba;Agareb;348
Menzel Hayet;Agareb;109
Medenine;Agareb;222
Mediaz El Bab;Agareb;337
Meknassy;Agareb;97
M'Dhilla;Agareb;193
Nabeul;Agareb;229
Nefta;Agareb;295
Monastir;Agareb;140
Mornaguia;Agareb;294
Om Laraies;Agareb;250
Ouedhref;Agareb;131
Tela;Testour;162
Tebourba;Testour;53
Teboursouk;Testour;23
Tataouine;Testour;497
Zarzis;Testour;511
Zaghouan;Testour;100
Zeramdine;Testour;258
Zriba;Testour;109
Alia;Testour;122
Metlaoui;Testour;356
Metouia;Testour;361
Moknine;Testour;271
Mateur;Testour;84
Mareth;Testour;413
Menzel Temime;Testour;187
Menzel Bourguiba;Testour;102
Menzel Hayet;Testour;249
Medenine;Testour;448
Mediaz El Bab;Testour;20
Meknassy;Testour;286
M'Dhilla;Testour;337
Nabeul;Testour;146
Nefta;Testour;434
Monastir;Testour;250
Mornaguia;Testour;64
Om Laraies;Testour;324
Ouedhref;Testour;357
Tebourba;Tela;214
Teboursouk;Tela;140
Tataouine;Tela;423
Zarzis;Tela;436
Zaghouan;Tela;203
Zeramdine;Tela;249
Zriba;Tela;212
Alia;Tela;291
Metlaoui;Tela;194
Metouia;Tela;287
Moknine;Tela;262
Mateur;Tela;241
Mareth;Tela;339
Menzel Temime;Tela;310
Menzel Bourguiba;Tela;260
Menzel Hayet;Tela;240
Medenine;Tela;374
Mediaz El Bab;Tela;182
Meknassy;Tela;164
M'Dhilla;Tela;176
Nabeul;Tela;255
Nefta;Tela;272
Monastir;Tela;250
Mornaguia;Tela;226
Om Laraies;Tela;162
Ouedhref;Tela;282
Teboursouk;Tebourba;76
Tataouine;Tebourba;568
Zarzis;Tebourba;582
Zaghouan;Tebourba;64
Zeramdine;Tebourba;218
Zriba;Tebourba;74
Alia;Tebourba;51
Metlaoui;Tebourba;382
Metouia;Tebourba;432
Moknine;Tebourba;231
Mateur;Tebourba;34
Mareth;Tebourba;485
Menzel Temime;Tebourba;147
Menzel Bourguiba;Tebourba;48
Menzel Hayet;Tebourba;209
Medenine;Tebourba;519
Mediaz El Bab;Tebourba;34
Meknassy;Tebourba;318
M'Dhilla;Tebourba;356
Nabeul;Tebourba;106
Nefta;Tebourba;459
Monastir;Tebourba;209
Mornaguia;Tebourba;25
Om Laraies;Tebourba;377
Ouedhref;Tebourba;428
Tataouine;Teboursouk;468
Zarzis;Teboursouk;482
Zaghouan;Teboursouk;93
Zeramdine;Teboursouk;212
Zriba;Teboursouk;103
Alia;Teboursouk;143
Metlaoui;Teboursouk;335
Metouia;Teboursouk;332
Moknine;Teboursouk;226
Mateur;Teboursouk;113
Mareth;Teboursouk;384
Menzel Temime;Teboursouk;209
Menzel Bourguiba;Teboursouk;132
Menzel Hayet;Teboursouk;203
Medenine;Teboursouk;419
Mediaz El Bab;Teboursouk;42
Meknassy;Teboursouk;265
M'Dhilla;Teboursouk;316
Nabeul;Teboursouk;168
Nefta;Teboursouk;412
Monastir;Teboursouk;204
Mornaguia;Teboursouk;86
Om Laraies;Teboursouk;303
Ouedhref;Teboursouk;328
Zarzis;Tataouine;103
Zaghouan;Tataouine;488
Zeramdine;Tataouine;371
Zriba;Tataouine;472
Alia;Tataouine;584
Metlaoui;Tataouine;313
Metouia;Tataouine;142
Moknine;Tataouine;388
Mateur;Tataouine;598
Mareth;Tataouine;88
Menzel Temime;Tataouine;537
Menzel Bourguiba;Tataouine;601
Menzel Hayet;Tataouine;362
Medenine;Tataouine;49
Mediaz El Bab;Tataouine;478
Meknassy;Tataouine;240
M'Dhilla;Tataouine;282
Nabeul;Tataouine;482
Nefta;Tataouine;357
Monastir;Tataouine;393
Mornaguia;Tataouine;546
Om Laraies;Tataouine;344
Ouedhref;Tataouine;146
Zaghouan;Zarzis;502
Zeramdine;Zarzis;385
Zriba;Zarzis;486
Alia;Zarzis;598
Metlaoui;Zarzis;327
Metouia;Zarzis;156
Moknine;Zarzis;402
Mateur;Zarzis;612
Mareth;Zarzis;104
Menzel Temime;Zarzis;551
Menzel Bourguiba;Zarzis;615
Menzel Hayet;Zarzis;376
Medenine;Zarzis;68
Mediaz El Bab;Zarzis;492
Meknassy;Zarzis;254
M'Dhilla;Zarzis;296
Nabeul;Zarzis;496
Nefta;Zarzis;371
Monastir;Zarzis;406
Mornaguia;Zarzis;560
Om Laraies;Zarzis;358
Ouedhref;Zarzis;160
Zeramdine;Zaghouan;137
Zriba;Zaghouan;10
Alia;Zaghouan;106
Metlaoui;Zaghouan;345
Metouia;Zaghouan;352
Moknine;Zaghouan;151
Mateur;Zaghouan;95
Mareth;Zaghouan;404
Menzel Temime;Zaghouan;107
Menzel Bourguiba;Zaghouan;123
Menzel Hayet;Zaghouan;129
Medenine;Zaghouan;439
Mediaz El Bab;Zaghouan;71
Meknassy;Zaghouan;329
M'Dhilla;Zaghouan;320
Nabeul;Zaghouan;52
Nefta;Zaghouan;422
Monastir;Zaghouan;129
Mornaguia;Zaghouan;53
Om Laraies;Zaghouan;356
Ouedhref;Zaghouan;348
Zriba;Zeramdine;121
Alia;Zeramdine;233
Metlaoui;Zeramdine;334
Metouia;Zeramdine;236
Moknine;Zeramdine;23
Mateur;Zeramdine;248
Mareth;Zeramdine;288
Menzel Temime;Zeramdine;186
Menzel Bourguiba;Zeramdine;250
Menzel Hayet;Zeramdine;12
Medenine;Zeramdine;323
Mediaz El Bab;Zeramdine;239
Meknassy;Zeramdine;213
M'Dhilla;Zeramdine;309
Nabeul;Zeramdine;131
Nefta;Zeramdine;411
Monastir;Zeramdine;22
Mornaguia;Zeramdine;196
Om Laraies;Zeramdine;366
Ouedhref;Zeramdine;232
Alia;Zriba;115
Metlaoui;Zriba;332
Metouia;Zriba;336
Moknine;Zriba;135
Mateur;Zriba;104
Mareth;Zriba;389
Menzel Temime;Zriba;107
Menzel Bourguiba;Zriba;132
Menzel Hayet;Zriba;113
Medenine;Zriba;423
Mediaz El Bab;Zriba;81
Meknassy;Zriba;313
M'Dhilla;Zriba;307
Nabeul;Zriba;52
Nefta;Zriba;409
Monastir;Zriba;113
Mornaguia;Zriba;62
Om Laraies;Zriba;348
Ouedhref;Zriba;332
Metlaoui;Alia;430
Metouia;Alia;448
Moknine;Alia;246
Mateur;Alia;41
Mareth;Alia;500
Menzel Temime;Alia;162
Menzel Bourguiba;Alia;25
Menzel Hayet;Alia;224
Medenine;Alia;535
Mediaz El Bab;Alia;103
Meknassy;Alia;425
M'Dhilla;Alia;404
Nabeul;Alia;121
Nefta;Alia;507
Monastir;Alia;225
Mornaguia;Alia;59
Om Laraies;Alia;440
Ouedhref;Alia;444
Metouia;Metlaoui;175
Moknine;Metlaoui;331
Mateur;Metlaoui;415
Mareth;Metlaoui;229
Menzel Temime;Metlaoui;404
Menzel Bourguiba;Metlaoui;448
Menzel Hayet;Metlaoui;324
Medenine;Metlaoui;263
Mediaz El Bab;Metlaoui;365
Meknassy;Metlaoui;122
M'Dhilla;Metlaoui;39
Nabeul;Metlaoui;349
Nefta;Metlaoui;78
Monastir;Metlaoui;319
Mornaguia;Metlaoui;372
Om Laraies;Metlaoui;32
Ouedhref;Metlaoui;170
Moknine;Metouia;253
Mateur;Metouia;463
Mareth;Metouia;53
Menzel Temime;Metouia;401
Menzel Bourguiba;Metouia;465
Menzel Hayet;Metouia;226
Medenine;Metouia;93
Mediaz El Bab;Metouia;342
Meknassy;Metouia;104
M'Dhilla;Metouia;144
Nabeul;Metouia;346
Nefta;Metouia;237
Monastir;Metouia;257
Mornaguia;Metouia;410
Om Laraies;Metouia;206
Ouedhref;Metouia;5
Mateur;Moknine;261
Mareth;Moknine;304
Menzel Temime;Moknine;199
Menzel Bourguiba;Moknine;263
Menzel Hayet;Moknine;34
Medenine;Moknine;339
Mediaz El Bab;Moknine;251
Meknassy;Moknine;229
M'Dhilla;Moknine;325
Nabeul;Moknine;144
Nefta;Moknine;427
Monastir;Moknine;21
Mornaguia;Moknine;208
Om Laraies;Moknine;382
Ouedhref;Moknine;248
Mareth;Mateur;516
Menzel Temime;Mateur;178
Menzel Bourguiba;Mateur;20
Menzel Hayet;Mateur;240
Medenine;Mateur;550
Mediaz El Bab;Mateur;65
Meknassy;Mateur;351
M'Dhilla;Mateur;414
Nabeul;Mateur;137
Nefta;Mateur;510
Monastir;Mateur;241
Mornaguia;Mateur;65
Om Laraies;Mateur;401
Ouedhref;Mateur;459
Menzel Temime;Mareth;454
Menzel Bourguiba;Mareth;518
Menzel Hayet;Mareth;279
Medenine;Mareth;39
Mediaz El Bab;Mareth;395
Meknassy;Mareth;157
M'Dhilla;Mareth;199
Nabeul;Mareth;399
Nefta;Mareth;270
Monastir;Mareth;309
Mornaguia;Mareth;463
Om Laraies;Mareth;261
Ouedhref;Mareth;57
Menzel Bourguiba;Menzel Temime;179
Menzel Hayet;Menzel Temime;174
Medenine;Menzel Temime;484
Mediaz El Bab;Menzel Temime;168
Meknassy;Menzel Temime;374
M'Dhilla;Menzel Temime;408
Nabeul;Menzel Temime;55
Nefta;Menzel Temime;511
Monastir;Menzel Temime;174
Mornaguia;Menzel Temime;125
Om Laraies;Menzel Temime;450
Ouedhref;Menzel Temime;393
Menzel Hayet;Menzel Bourguiba;242
Medenine;Menzel Bourguiba;552
Mediaz El Bab;Menzel Bourguiba;84
Meknassy;Menzel Bourguiba;442
M'Dhilla;Menzel Bourguiba;422
Nabeul;Menzel Bourguiba;139
Nefta;Menzel Bourguiba;529
Monastir;Menzel Bourguiba;242
Mornaguia;Menzel Bourguiba;68
Om Laraies;Menzel Bourguiba;419
Ouedhref;Menzel Bourguiba;461
Medenine;Menzel Hayet;312
Mediaz El Bab;Menzel Hayet;230
Meknassy;Menzel Hayet;203
M'Dhilla;Menzel Hayet;298
Nabeul;Menzel Hayet;123
Nefta;Menzel Hayet;401
Monastir;Menzel Hayet;36
Mornaguia;Menzel Hayet;187
Om Laraies;Menzel Hayet;355
Ouedhref;Menzel Hayet;221
Mediaz El Bab;Medenine;429
Meknassy;Medenine;191
M'Dhilla;Medenine;233
Nabeul;Medenine;433
Nefta;Medenine;308
Monastir;Medenine;343
Mornaguia;Medenine;497
Om Laraies;Medenine;295
Ouedhref;Medenine;97
Meknassy;Mediaz El Bab;301
M'Dhilla;Mediaz El Bab;357
Nabeul;Mediaz El Bab;127
Nefta;Mediaz El Bab;453
Monastir;Mediaz El Bab;231
Mornaguia;Mediaz El Bab;45
Om Laraies;Mediaz El Bab;344
Ouedhref;Mediaz El Bab;337
M'Dhilla;Meknassy;96
Nabeul;Meknassy;275
Nefta;Meknassy;199
Monastir;Meknassy;234
Mornaguia;Meknassy;309
Om Laraies;Meknassy;153
Ouedhref;Meknassy;108
Nabeul;M'Dhilla;324
Nefta;M'Dhilla;116
Monastir;M'Dhilla;293
Mornaguia;M'Dhilla;347
Om Laraies;M'Dhilla;71
Ouedhref;M'Dhilla;140
Nefta;Nabeul;459
Monastir;Nabeul;122
Mornaguia;Nabeul;84
Om Laraies;Nabeul;399
Ouedhref;Nabeul;341
Monastir;Nefta;395
Mornaguia;Nefta;449
Om Laraies;Nefta;109
Ouedhref;Nefta;235
Mornaguia;Monastir;188
Om Laraies;Monastir;335
Ouedhref;Monastir;254
Om Laraies;Mornaguia;388
Ouedhref;Mornaguia;407
Ouedhref;Om Laraies;202
